사용월,호선명,지하철역,출근시간 승차인원,출근시간 하차인원,09-16시 승차인원,09-16시 하차인원,퇴근시간 승차인원,퇴근시간 하차인원,새벽 승차인원,새벽 하차인원,야간 승차인원,야간 하차인원,총 승차인원,총 하차인원
202304,1호선,동대문,44094,41009,156719,171377,69531,63118,11352,2223,46531,49915,258696,264524
202304,1호선,동묘앞,22187,37540,161850,193591,70599,35355,2942,996,17288,25131,204267,257258
202304,1호선,서울역,127270,390406,560533,613914,500389,253706,8355,9010,254878,133341,951036,1146671
202304,1호선,시청,22120,288474,202007,320388,317135,69067,2276,4365,146232,30056,372635,643283
202304,1호선,신설동,62708,87736,156197,150995,111225,76614,8675,2292,41763,53091,269343,294114
202304,1호선,제기동,65019,67338,254086,293010,104774,75169,5630,2077,31352,42686,356087,405111
202304,1호선,종각,22100,388820,261126,456633,456204,118043,3800,4917,258853,33381,545879,883751
202304,1호선,종로3가,19540,107616,291734,422894,246958,106435,4039,2918,161966,35024,477279,568452
202304,1호선,종로5가,20030,154045,299819,396098,239155,90856,2026,3702,102663,28465,424538,582310
202304,1호선,청량리,102064,76473,276111,286703,119810,121877,11900,3645,46386,66014,436461,432835
202303,1호선,동대문,46953,42837,159928,174690,71629,64687,12278,2646,48439,50566,267598,270739
202303,1호선,동묘앞,23080,39867,168400,203423,72006,36815,3129,1026,17742,24608,212351,268924
202303,1호선,서울역,131032,402867,558420,621942,517472,263819,9137,8757,256993,135819,955582,1169385
202303,1호선,시청,23930,310052,205761,332172,340710,71188,2509,4586,151485,30948,383685,677758
202303,1호선,신설동,65967,94615,162808,160313,120633,82023,9534,2320,44788,54003,283097,311251
202303,1호선,제기동,68022,69626,270663,316766,113550,81836,5934,2007,33990,44601,378609,433000
202303,1호선,종각,22024,428980,275501,484918,493870,130405,3787,5316,284430,32119,585742,951333
202303,1호선,종로3가,19148,115887,313482,459925,269538,113714,3981,2984,174458,35459,511069,614255
202303,1호선,종로5가,20308,165785,317485,427460,258963,96073,2078,4081,109866,29804,449737,627130
202303,1호선,청량리,106805,80178,291862,302429,129055,129717,12258,3856,49550,69457,460475,455920
202302,1호선,동대문,36377,35286,140423,151783,63418,55008,10834,1945,39886,42510,227520,231524
202302,1호선,동묘앞,19145,25265,140439,175176,57350,30438,2746,829,14575,21211,176905,222481
202302,1호선,서울역,112981,353362,523490,578931,470751,243444,7745,7745,233515,122508,877731,1062546
202302,1호선,시청,18470,271590,171913,291191,303685,62939,2291,3869,134507,23955,327181,590605
202302,1호선,신설동,54431,79155,142440,144174,106032,71271,8097,2170,37756,46720,242724,272219
202302,1호선,제기동,56701,60030,238173,279686,100911,70559,4976,1602,29389,39229,329239,380547
202302,1호선,종각,18131,382837,250253,454242,450687,118970,3160,4728,265356,28720,536900,870527
202302,1호선,종로3가,14994,101798,279518,418713,242278,99201,3557,2699,150939,28350,449008,551560
202302,1호선,종로5가,15882,143681,269492,372732,233779,83841,1641,3331,95419,22780,382434,542524
202302,1호선,청량리,89051,65501,251990,258469,108736,112039,10624,3339,40415,60057,392080,387366
202301,1호선,동대문,35596,31669,142241,148437,62338,55082,10116,1802,37910,42540,225863,224448
202301,1호선,동묘앞,18842,24601,133449,158798,48645,28155,2605,934,13212,20985,168108,205318
202301,1호선,서울역,110522,337170,505831,565579,455842,235354,7115,7457,230724,117733,854192,1027939
202301,1호선,시청,18155,264149,162390,275929,288746,59895,2198,3753,130666,23596,313409,567427
202301,1호선,신설동,53642,75467,140305,138529,100947,68577,7841,1968,35659,46527,237447,262491
202301,1호선,제기동,56333,58666,249972,296828,97501,68629,4656,1596,28250,38845,339211,395935
202301,1호선,종각,18909,366344,241912,426960,431389,115979,3509,4476,251804,28834,516134,826614
202301,1호선,종로3가,15033,98030,270619,401377,226767,90955,3424,2663,137542,26588,426618,528658
202301,1호선,종로5가,15282,137936,259135,352607,221152,77242,1642,3062,88466,21402,364525,515007
202301,1호선,청량리,87262,64486,260338,271712,106205,107788,9975,3024,38580,58740,396155,397962
202212,1호선,동대문,40769,36048,158273,165108,68850,61072,11308,1958,43225,47678,253575,250792
202212,1호선,동묘앞,20302,32109,147331,169008,52758,30245,2942,1036,14502,23857,185077,226010
202212,1호선,서울역,117170,357234,568128,640172,495766,267733,8632,7942,258820,148468,952750,1153816
202212,1호선,시청,20473,274163,200497,328216,322605,88313,2324,4278,173807,32061,397101,638718
202212,1호선,신설동,59102,84947,157595,152339,111184,75342,8656,2109,40778,52932,266131,292327
202212,1호선,제기동,61658,62971,248518,284632,98944,72373,4903,1758,30398,44071,345477,393432
202212,1호선,종각,21310,361061,278547,481566,444953,158837,4003,4629,305624,41993,609484,889249
202212,1호선,종로3가,17619,104595,291953,431996,247617,112589,3824,2906,168410,36055,481806,575552
202212,1호선,종로5가,16114,151610,294751,392432,240721,89517,1645,3512,104381,26069,416891,573623
202212,1호선,청량리,95791,71167,272988,282102,113222,116810,11135,3333,43875,69890,423789,426492
202211,1호선,동대문,43155,39709,151091,158017,65254,59107,11670,1875,40710,43477,246626,243078
202211,1호선,동묘앞,21705,35158,153493,183213,59171,30762,3287,1056,14266,21821,192751,241248
202211,1호선,서울역,127165,378545,542915,619438,505389,257546,9332,8686,241076,129932,920488,1136601
202211,1호선,시청,19940,286362,201148,339111,330992,72906,2171,4369,145338,25176,368597,655018
202211,1호선,신설동,61856,90648,154604,151847,112809,75347,9628,2293,38449,48107,264537,292895
202211,1호선,제기동,65646,67020,253779,286923,97980,72178,5458,1971,28097,40956,352980,396870
202211,1호선,종각,20860,370062,263452,461243,453354,124324,3568,4532,258080,31214,545960,867051
202211,1호선,종로3가,18498,110693,289866,417590,250923,104429,3879,3239,152155,30298,464398,561820
202211,1호선,종로5가,17453,154474,269178,369549,235323,80402,1747,3734,94197,21772,382575,549529
202211,1호선,청량리,101930,76294,272671,282682,113030,120359,12406,4066,41075,63234,428082,426276
202210,1호선,동대문,43537,40341,158675,170789,69475,61261,11746,1932,44147,46911,258105,259973
202210,1호선,동묘앞,20992,35344,166624,201557,66354,33325,3309,1195,15772,23402,206697,261498
202210,1호선,서울역,125607,366859,556068,632349,484070,261124,9887,9693,254011,138753,945573,1147654
202210,1호선,시청,20896,264384,216501,366908,311998,73960,2476,5063,144206,25436,384079,661791
202210,1호선,신설동,59504,85716,157451,153851,109295,75091,9837,2235,40372,50535,267164,292337
202210,1호선,제기동,62749,66135,270481,306470,103167,73674,5807,2082,29054,42186,368091,416873
202210,1호선,종각,21278,339204,272751,472220,426403,120844,4087,4474,250343,31592,548459,847490
202210,1호선,종로3가,19558,106383,308351,441485,252494,105413,4553,3298,160688,33234,493150,584400
202210,1호선,종로5가,17415,147837,286475,391471,234372,86039,1931,3542,97201,23307,403022,566157
202210,1호선,청량리,97630,78100,284262,294611,118797,121622,12798,4336,43758,66879,438448,443926
202209,1호선,동대문,41589,39256,146110,151359,65420,58165,10887,1898,42048,43550,240634,236063
202209,1호선,동묘앞,19883,33804,144991,173517,61685,31370,2919,1028,15266,20336,183059,228685
202209,1호선,서울역,119622,348896,485510,549836,439071,233891,9156,8062,224765,123297,839053,1030091
202209,1호선,시청,18461,273707,169735,275842,282940,57031,2055,4701,130099,20430,320350,574680
202209,1호선,신설동,56463,86735,143099,140201,105612,68599,8761,2051,38122,45596,246445,274583
202209,1호선,제기동,62725,67648,252186,288420,101280,71750,5177,2040,27819,39071,347907,397179
202209,1호선,종각,19873,348708,242802,407436,403080,114029,3426,4077,232242,28536,498343,788757
202209,1호선,종로3가,17994,106198,275029,396064,231813,96915,3798,3184,149478,28795,446299,534241
202209,1호선,종로5가,16959,145663,257815,346954,214666,77262,1674,3512,84855,20105,361303,516234
202209,1호선,청량리,95386,74887,266418,281891,116839,115457,11174,4239,42352,61984,415330,423001
202208,1호선,동대문,39397,37666,138911,140975,60412,52356,10420,1858,37671,40819,226399,221318
202208,1호선,동묘앞,19431,29995,132108,153184,53294,31167,2944,1040,14999,19782,169482,204001
202208,1호선,서울역,115415,349484,481728,546170,443613,219997,9211,8293,216124,112648,822478,1016595
202208,1호선,시청,18235,271147,165224,270496,286898,55390,2044,4665,121804,20235,307307,566543
202208,1호선,신설동,53263,86196,137842,138297,104103,67010,8895,2282,37570,43296,237570,270071
202208,1호선,제기동,60944,68773,240519,275285,101410,71036,5358,2042,27736,37904,334557,384004
202208,1호선,종각,19137,365538,245285,416260,423292,110260,3410,4386,235213,28758,503045,814942
202208,1호선,종로3가,16088,107382,269481,391505,222190,86130,3485,3159,137690,26206,426744,528252
202208,1호선,종로5가,16577,149295,253348,331590,210629,73798,1670,3637,80983,19834,352578,504356
202208,1호선,청량리,94768,73240,260559,267607,112790,114398,11201,4468,39117,61155,405645,406470
202207,1호선,동대문,41711,42934,147613,151863,63928,56286,11890,1960,42480,44382,243694,241139
202207,1호선,동묘앞,20058,35342,142502,163490,56781,32681,3006,1149,17084,20478,182650,220459
202207,1호선,서울역,116578,356251,493603,549464,441127,229474,9620,8264,218793,122410,838594,1036389
202207,1호선,시청,18391,276468,165687,273470,286549,55446,2150,4739,125359,20123,311587,574800
202207,1호선,신설동,54584,92068,145474,146147,110493,68531,9161,2570,41370,46095,250589,286880
202207,1호선,제기동,62787,70767,239251,272039,104683,73100,5399,2232,29704,40491,337141,385529
202207,1호선,종각,19635,369130,248417,421628,415672,121067,3644,4437,255731,29874,527427,825069
202207,1호선,종로3가,17319,114243,280891,411569,231971,93416,3858,3252,150917,27730,452985,556794
202207,1호선,종로5가,17306,153949,263087,344983,215870,78819,1854,3764,89364,20914,371611,523610
202207,1호선,청량리,97706,76541,263663,270824,115450,118480,11695,4790,43342,65282,416406,417437
202206,1호선,동대문,41857,42837,145750,154311,63540,55191,12190,2087,42852,43363,242649,242598
202206,1호선,동묘앞,19247,37412,141537,166954,60260,30675,2997,1107,15772,20274,179553,225747
202206,1호선,서울역,116947,349047,481761,546839,436635,221849,9079,7718,217921,118036,825708,1021640
202206,1호선,시청,18262,265758,157591,259199,273090,52599,3404,4809,125492,18924,304749,548690
202206,1호선,신설동,53671,91278,143197,140877,110052,64082,8837,2672,38564,43236,244269,278063
202206,1호선,제기동,60952,68452,241592,277206,100969,69181,5329,2216,28247,39170,336120,387044
202206,1호선,종각,19108,353069,238037,405327,398654,113687,4098,3969,247392,27571,508635,789936
202206,1호선,종로3가,16905,108206,275220,404899,230265,95059,4072,3273,159307,27740,455504,544118
202206,1호선,종로5가,16556,153823,262261,356266,217244,76967,1764,3909,93711,19744,374292,533742
202206,1호선,청량리,96188,75720,266064,275291,113405,115114,11652,4607,43788,62897,417692,418515
202205,1호선,동대문,44517,45274,158175,169243,69173,59175,12781,2156,45985,46625,261458,263298
202205,1호선,동묘앞,19975,37473,159235,193177,69593,33800,3165,1014,16783,22004,199158,253668
202205,1호선,서울역,122850,360611,497716,557955,450314,236122,9699,7793,229593,128598,859858,1054957
202205,1호선,시청,18896,274577,167366,277227,279863,55075,2090,4925,132467,19980,320819,576709
202205,1호선,신설동,55725,98878,151554,151903,117999,69633,9122,2767,42152,48239,258553,301787
202205,1호선,제기동,63859,71017,256679,293464,106060,74233,5557,2184,29691,41682,355786,408347
202205,1호선,종각,19931,363491,252312,421251,410558,117602,4013,4269,256414,30293,532670,819304
202205,1호선,종로3가,17516,113366,291028,419714,244343,102495,4300,3260,167997,29887,480841,566227
202205,1호선,종로5가,16364,157896,271229,367483,226823,81363,2043,3894,99760,20927,389396,550200
202205,1호선,청량리,101593,80078,286047,293199,123519,125559,12696,4929,49201,68208,449537,446414
202204,1호선,동대문,41726,41000,140303,148415,65040,55030,11815,1918,41399,41762,235243,233095
202204,1호선,동묘앞,18612,34856,144148,176946,63818,30941,2770,839,14894,19946,180424,232587
202204,1호선,서울역,107450,312957,410853,469111,392037,201826,9051,6005,189502,101506,716856,889579
202204,1호선,시청,17480,251959,142448,241863,261966,45407,1959,4742,111155,16332,273042,514896
202204,1호선,신설동,50914,92906,141457,142276,111188,64948,8409,2471,38047,43568,238827,281221
202204,1호선,제기동,59178,64727,246461,281717,98566,68859,5037,1976,26277,37676,336953,386096
202204,1호선,종각,17618,324189,209708,356394,363851,100744,2693,4004,227838,24666,457857,709253
202204,1호선,종로3가,15300,103513,258732,377566,223209,90405,3170,2929,146181,25160,423383,509168
202204,1호선,종로5가,15475,149357,241917,334336,214469,72558,1669,3749,89490,18115,348551,505557
202204,1호선,청량리,92638,73447,263929,267925,113089,112019,11120,4640,39814,59243,407501,405255
202203,1호선,동대문,38133,37743,124413,127767,57489,49394,12173,1805,34808,38070,209527,205385
202203,1호선,동묘앞,16742,31609,121564,149866,52539,26855,2516,808,14079,17256,154901,199539
202203,1호선,서울역,95164,271560,340293,381221,333641,163375,8404,5596,148439,80163,592300,738540
202203,1호선,시청,16335,224704,125304,204965,228448,39950,1731,4430,96546,14056,239916,448155
202203,1호선,신설동,45861,86632,127902,131126,104769,58670,7664,2401,34149,37675,215576,257834
202203,1호선,제기동,52394,58994,218412,248815,89130,61299,4562,1810,22961,33944,298329,343563
202203,1호선,종각,16198,285885,190618,319329,321017,80563,2018,3765,185513,17297,394347,626276
202203,1호선,종로3가,13378,97390,231431,338781,199447,68822,2690,2666,112622,17753,360121,456590
202203,1호선,종로5가,13795,141076,217236,297956,197304,54077,1415,3487,71153,14658,303599,457177
202203,1호선,청량리,83131,65980,238407,247157,102240,101312,10224,4122,34067,50591,365829,367850
202202,1호선,동대문,30849,30548,110679,113058,50822,42823,10211,1463,28372,32677,180111,177746
202202,1호선,동묘앞,13761,21758,106873,133160,42553,21963,2156,670,11568,14515,134358,170103
202202,1호선,서울역,81872,238581,327555,354838,303533,145282,7012,4829,138764,68934,555203,667182
202202,1호선,시청,13650,194906,109571,183193,198385,30187,1449,4040,81330,10556,206000,392695
202202,1호선,신설동,39131,70515,113627,120045,91315,52549,6229,2003,28760,32487,187747,225050
202202,1호선,제기동,44083,48924,184099,206567,74791,53622,3807,1397,20286,29875,252275,286763
202202,1호선,종각,13880,248378,173581,295939,286192,67001,1737,3366,158591,13274,347789,560957
202202,1호선,종로3가,10686,83135,209632,313360,177337,58371,2165,2156,98285,13605,320768,412256
202202,1호선,종로5가,11387,120747,184360,258108,172651,46016,1188,2859,62773,12499,259708,394213
202202,1호선,청량리,71125,52865,204220,213874,86932,88345,8714,3283,29720,45871,313779,315893
202201,1호선,동대문,35504,33465,132681,138165,58580,49797,11105,1653,33773,37126,213063,210409
202201,1호선,동묘앞,15907,24561,129343,160582,49788,24743,2317,728,12717,16592,160284,202463
202201,1호선,서울역,92016,285383,386045,433813,361806,178291,7724,5601,170343,87649,656128,812446
202201,1호선,시청,15563,225161,122638,209502,234159,37010,1637,4157,100731,12540,240569,451360
202201,1호선,신설동,45283,79613,133066,139075,105386,59383,7089,2311,34129,37983,219567,258982
202201,1호선,제기동,52004,58344,254690,291422,89190,62181,4292,1730,23630,35702,334616,387198
202201,1호선,종각,15653,304862,205673,357573,349007,80874,2041,3688,203143,15180,426510,681303
202201,1호선,종로3가,12439,95225,251044,373612,204136,67573,2234,2390,121697,15774,387414,487001
202201,1호선,종로5가,13201,136367,217018,304904,198670,53484,1367,3121,75581,14068,307167,458460
202201,1호선,청량리,83312,61042,259372,273740,100635,103781,9543,3583,34699,54781,386926,393146
202112,1호선,동대문,41012,37385,135684,138640,60632,52155,13079,1928,34350,40538,224125,218491
202112,1호선,동묘앞,17572,29428,123853,147727,47186,24857,2539,756,12724,17262,156688,195173
202112,1호선,서울역,101330,309923,411672,473001,400467,200263,9229,6110,184018,93793,706249,882827
202112,1호선,시청,16965,243885,140672,235521,259112,50374,1939,4539,116622,15697,276198,499642
202112,1호선,신설동,48210,89886,136313,140504,113195,62631,7653,2744,34488,39373,226664,272507
202112,1호선,제기동,55253,61810,227590,251700,86591,63271,4751,1882,24285,35727,311879,351119
202112,1호선,종각,17209,318510,221144,373411,366880,101948,2390,3792,208633,19761,449376,715474
202112,1호선,종로3가,14681,102822,245783,366961,214194,77110,2927,2720,121336,18712,384727,491215
202112,1호선,종로5가,14372,151083,225680,310470,210379,57578,1437,3467,74206,14990,315695,480010
202112,1호선,청량리,90695,68262,249077,253100,100652,108623,10408,4241,35319,56374,385499,381977
202111,1호선,동대문,42568,39685,142050,147690,63036,54335,13233,2180,36868,42616,234719,232171
202111,1호선,동묘앞,18590,32263,134969,164292,54864,26924,2711,908,13626,18046,169896,215509
202111,1호선,서울역,110377,330982,439036,507263,429056,209885,9615,7069,200112,98928,759140,944242
202111,1호선,시청,17759,251023,144271,257036,269834,49893,2036,4859,117110,15678,281176,528596
202111,1호선,신설동,49149,95465,142511,145915,117748,64517,8358,2839,37049,40190,237067,284409
202111,1호선,제기동,58617,65181,242244,271829,90939,65400,4976,2021,25554,36564,331391,375595
202111,1호선,종각,17981,336169,217854,387574,393634,109987,2757,3961,229356,23208,467948,750912
202111,1호선,종로3가,15854,101991,262018,391759,225628,89056,3400,3157,136517,22364,417789,519271
202111,1호선,종로5가,14842,150549,229625,323289,214960,61574,1504,3763,79258,16029,325229,493630
202111,1호선,청량리,93576,71288,255263,264242,105596,113654,11265,4672,37398,58389,397502,398591
202110,1호선,동대문,40345,39075,142742,150984,60471,51468,12773,2073,33989,40378,229849,232510
202110,1호선,동묘앞,16994,33495,149763,183331,59287,27402,2773,888,13406,16920,182936,234634
202110,1호선,서울역,98968,281497,400281,459329,363020,187609,9131,6500,177086,88521,685466,835847
202110,1호선,시청,16319,214494,129522,222053,225318,38919,1961,4887,98512,13261,246314,454695
202110,1호선,신설동,44562,87284,138709,141801,105927,60384,7853,2625,35139,37498,226263,269208
202110,1호선,제기동,54768,62942,251131,276736,84019,61797,5110,2146,24451,35608,335460,377432
202110,1호선,종각,16383,280819,202735,355331,337144,80899,2198,3651,186348,15913,407664,655714
202110,1호선,종로3가,14797,97033,262297,390057,216028,77652,3088,3297,132170,17649,412352,508036
202110,1호선,종로5가,13943,137817,237592,329566,201061,55906,1542,3759,72910,13923,325987,485065
202110,1호선,청량리,85052,69835,260955,267248,104979,108378,11364,4649,37548,55702,394919,397434
202109,1호선,동대문,37334,36382,131598,135602,56765,48890,10724,1874,32353,36585,212009,210443
202109,1호선,동묘앞,16246,33012,131484,160521,56476,26764,2653,830,13201,14797,163584,209160
202109,1호선,서울역,90785,251057,337197,385640,316881,158080,7960,5834,140696,72061,576638,714592
202109,1호선,시청,15203,204069,112229,184511,211200,30787,1702,4542,81090,10798,210224,403920
202109,1호선,신설동,42245,85332,125799,129555,101797,55537,6901,2623,31658,32434,206603,249944
202109,1호선,제기동,53779,63339,238254,264110,82607,60183,4727,2103,22415,31133,319175,360685
202109,1호선,종각,15161,260787,183069,309630,309619,64545,1941,3486,144843,12917,345014,586820
202109,1호선,종로3가,13948,92455,230543,337496,195116,64327,2888,3264,108195,14437,355574,447652
202109,1호선,종로5가,13160,128790,214095,291113,182271,47034,1417,3256,59381,11669,288053,434828
202109,1호선,청량리,80403,63702,245036,254805,98807,100790,9686,4161,32395,47511,367520,370179
202108,1호선,동대문,36554,35020,123967,126718,53943,46812,10795,1826,28161,33445,199477,197009
202108,1호선,동묘앞,16480,31397,119349,140765,51530,27196,2945,921,12525,13966,151299,187049
202108,1호선,서울역,91517,254397,321492,368135,325412,155251,8446,5544,134147,65621,555602,693697
202108,1호선,시청,15582,212776,109389,173986,220250,27992,1603,4399,75787,10395,202361,401556
202108,1호선,신설동,42677,84446,119806,125806,101919,56496,7075,2727,28696,31064,198254,244043
202108,1호선,제기동,54000,63687,213145,232101,81689,62132,4870,2144,22420,30332,294435,328264
202108,1호선,종각,15601,277256,190089,314976,330496,58971,2058,3773,133640,12221,341388,608226
202108,1호선,종로3가,14099,95244,235260,345139,198051,58419,3248,3566,94634,13134,347241,457083
202108,1호선,종로5가,13411,133687,208887,277638,184546,45077,1486,3100,54270,11348,278054,425773
202108,1호선,청량리,81360,64936,231621,238575,98876,103653,10402,4691,31087,45350,354470,353552
202107,1호선,동대문,40176,42120,126986,126641,57116,49748,13819,2125,32306,38375,213287,209261
202107,1호선,동묘앞,17553,34659,115827,132884,51096,28624,3289,1077,13977,15132,150646,183752
202107,1호선,서울역,98188,277838,322901,375723,344963,160170,9306,6348,138697,69611,569092,729520
202107,1호선,시청,16375,230490,113693,183800,234223,30953,1816,4616,82507,11247,214391,430153
202107,1호선,신설동,46508,94180,120266,128025,112388,58694,8235,3134,32010,32328,207019,257667
202107,1호선,제기동,58384,69886,208508,224913,86681,64973,5478,2348,24723,32496,297093,329643
202107,1호선,종각,16273,305751,195173,325832,348920,68773,2315,4062,156297,14070,370058,649715
202107,1호선,종로3가,15013,106526,232144,343634,203378,62986,3230,3715,104695,14496,355082,468371
202107,1호선,종로5가,14559,151805,213478,283107,198575,48338,1625,3737,60759,12697,290421,451346
202107,1호선,청량리,88848,71164,230005,234157,101995,109360,11407,5230,34579,49839,364839,360390
202106,1호선,동대문,42372,44106,138349,145822,62689,55115,13950,2145,39728,43170,234399,235243
202106,1호선,동묘앞,18512,39426,134928,159644,61648,30367,3269,1101,16048,18300,172757,218471
202106,1호선,서울역,109603,316883,386850,436459,395410,185440,9662,6417,181571,89669,687686,849428
202106,1호선,시청,16968,251780,125022,215246,249287,42555,1918,4340,110115,13952,254023,485318
202106,1호선,신설동,49735,99673,133072,139174,117822,62579,8493,3195,39409,38743,230709,280785
202106,1호선,제기동,61871,70398,232403,257531,92194,67274,5380,2153,28572,38491,328226,368573
202106,1호선,종각,16766,343926,209696,370363,386272,92149,2441,4355,217995,17749,446898,736393
202106,1호선,종로3가,15589,109181,245697,372540,219387,81120,3418,3412,147671,18592,412375,503725
202106,1호선,종로5가,14769,159475,234787,321359,214112,61580,1597,3779,81823,15215,332976,499828
202106,1호선,청량리,95267,74840,255286,259592,108807,115633,11670,4769,41187,60275,403410,399476
202105,1호선,동대문,39463,42458,144696,153365,63306,55126,13550,1950,40841,43558,238550,241331
202105,1호선,동묘앞,17541,36716,145278,175995,63546,30430,3083,1015,16259,18260,182161,231986
202105,1호선,서울역,100542,282452,380995,434309,370158,181987,9391,6026,181613,92880,672541,815667
202105,1호선,시청,16065,217564,122273,215364,226271,42075,1824,4134,103819,14695,243981,451757
202105,1호선,신설동,45711,88743,133344,137920,108469,60028,7888,3001,38456,39521,225399,269185
202105,1호선,제기동,55907,64224,235109,257626,88994,65073,5178,1944,28579,38217,324773,362011
202105,1호선,종각,16260,297971,205157,361233,347957,90625,2327,4092,212840,17834,436584,681130
202105,1호선,종로3가,15479,99162,246153,374032,211900,80611,3383,3245,142170,19085,407185,495524
202105,1호선,종로5가,14052,146224,231527,319541,203780,58186,1530,3662,79136,15278,326245,484705
202105,1호선,청량리,86760,71627,261155,261699,107796,111174,10816,4596,42032,61365,400763,399287
202104,1호선,동대문,41103,44031,135655,142362,63769,54568,13081,1957,39931,42760,229770,231110
202104,1호선,동묘앞,18336,40008,138482,170261,65038,30444,3023,888,15814,17884,175655,229041
202104,1호선,서울역,105139,303531,364685,427623,390442,179698,9897,6054,172900,84659,652621,821867
202104,1호선,시청,16623,243534,124883,215457,250076,40846,1740,3796,105567,13238,248813,476025
202104,1호선,신설동,49111,99591,132079,140250,117743,63957,8575,3013,40200,38331,229965,281185
202104,1호선,제기동,60048,68082,241626,272052,94725,68224,4954,1983,29211,37178,335839,379295
202104,1호선,종각,16465,333422,200471,354826,377064,89511,2212,4407,215193,16577,434341,709232
202104,1호선,종로3가,15121,107302,243806,371982,222555,79117,3199,3204,138366,17878,400492,500366
202104,1호선,종로5가,14388,160957,225590,313864,217361,55870,1787,3526,79415,14550,321180,492897
202104,1호선,청량리,94727,73815,262241,262266,112584,116239,10973,4217,40135,60820,408076,401118
202103,1호선,동대문,41326,43318,135403,143799,64269,55639,13179,1975,40878,43060,230786,232152
202103,1호선,동묘앞,18404,39526,137305,170716,63424,30136,2961,816,16195,18194,174865,229252
202103,1호선,서울역,103644,299087,366110,422941,386810,174790,9716,5703,173616,84598,653086,812329
202103,1호선,시청,16380,241124,124416,216280,249971,39946,1742,3784,107527,12856,250065,474044
202103,1호선,신설동,48886,97849,134365,144919,118745,65653,8288,2911,41005,39370,232544,285049
202103,1호선,제기동,58754,67081,245101,278892,98124,68433,5023,2059,30383,37629,339261,385661
202103,1호선,종각,16469,325869,205252,369296,379246,91365,2328,4200,223169,16873,447218,716238
202103,1호선,종로3가,14648,103959,253986,388021,225418,80483,2981,3218,138813,17450,410428,512648
202103,1호선,종로5가,14253,160189,232732,328883,221648,56553,1886,3492,81338,14801,330209,507365
202103,1호선,청량리,94725,71368,266362,268861,114061,118504,10697,4155,40485,62780,412269,407164
202102,1호선,동대문,30503,30201,114821,121414,55475,45687,9964,1489,29553,33510,184841,186614
202102,1호선,동묘앞,13699,22976,112785,147156,51788,24030,2236,700,11877,14196,140597,185028
202102,1호선,서울역,77321,231833,308395,350819,303958,140514,6938,4516,136940,66040,529594,653208
202102,1호선,시청,12794,184565,99407,173043,195036,30174,1440,2894,84655,10095,198296,370597
202102,1호선,신설동,37703,72354,111467,121407,94398,52519,6332,2205,30804,31542,186306,227508
202102,1호선,제기동,45257,51206,207924,236177,75678,54955,3942,1618,23468,30402,280591,319403
202102,1호선,종각,13290,250103,169118,304315,305602,68209,1856,3402,171594,12514,355858,570334
202102,1호선,종로3가,10879,78251,202511,308605,181893,59561,2249,2334,100394,13441,316033,402631
202102,1호선,종로5가,10779,121043,181356,257886,175782,45903,1271,2644,61918,11769,255324,393342
202102,1호선,청량리,73431,52608,227805,234908,90910,95345,8298,3410,31040,49606,340574,340532
202101,1호선,동대문,32117,29598,110785,115569,52020,45055,11774,1527,26499,34222,181175,180916
202101,1호선,동묘앞,14195,23948,109333,138931,46587,22880,2469,740,11554,13258,137551,176877
202101,1호선,서울역,79228,236693,283664,328118,310181,131295,7277,4789,128604,57677,498773,627277
202101,1호선,시청,13325,193703,94602,166004,205199,25230,1507,2991,79497,8875,188931,371573
202101,1호선,신설동,39645,73723,108348,122085,99224,53406,6692,2238,29569,30457,184254,228503
202101,1호선,제기동,46638,53830,206735,236940,76510,55708,4235,1564,23975,29591,281583,321925
202101,1호선,종각,13622,261050,159683,289715,317221,56725,1965,3465,149284,10976,324554,565206
202101,1호선,종로3가,11038,79592,187322,285042,178843,46327,2296,2431,79124,10882,279780,377947
202101,1호선,종로5가,11151,128264,177350,251822,182540,37079,1327,2810,53694,11185,243522,394081
202101,1호선,청량리,76142,55398,224516,230160,89527,95570,8961,3539,29347,47203,338966,336300
202012,1호선,동대문,34509,32754,114760,117033,51470,45244,13279,1692,24186,33498,186734,184977
202012,1호선,동묘앞,14637,25617,107170,132973,46367,22322,2879,775,11003,12340,135689,171705
202012,1호선,서울역,81789,237993,273488,329207,307923,133208,8591,5053,117817,53153,481685,625406
202012,1호선,시청,14254,199913,104882,173895,207611,25275,1660,3392,74694,8462,195490,385662
202012,1호선,신설동,40825,79195,112327,124695,101223,54569,8125,2435,27793,27632,189070,233957
202012,1호선,제기동,48253,57314,195485,221864,76319,54928,4575,1558,22835,25823,271148,306559
202012,1호선,종각,14420,262880,171123,290828,313419,50627,2106,3586,123719,10534,311368,567828
202012,1호선,종로3가,11596,86283,187186,277623,180406,42671,2784,2688,68380,9884,269946,376478
202012,1호선,종로5가,11605,134022,179390,251159,184808,35233,1411,3303,47443,10336,239849,398820
202012,1호선,청량리,80186,57148,219678,224074,86703,97364,10074,4169,27832,44019,337770,329410
202011,1호선,동대문,41461,39529,137717,155486,63487,58611,13481,1999,36229,45029,228888,242043
202011,1호선,동묘앞,17113,32362,127970,162645,58238,27119,3462,807,14061,16012,162606,211826
202011,1호선,서울역,102846,301849,366042,443650,407421,183120,9428,5929,178900,84925,657216,836353
202011,1호선,시청,16282,233452,129251,224771,247466,41821,1952,3756,104024,12719,251509,474698
202011,1호선,신설동,47772,87156,132584,139888,116746,62724,8717,2457,36014,36133,225087,265634
202011,1호선,제기동,57720,65179,234684,269337,91549,64289,5230,1920,27955,33931,325589,370367
202011,1호선,종각,17152,338450,207974,368514,396885,99325,2973,4092,213057,20774,441156,731830
202011,1호선,종로3가,15149,100163,246142,371411,220648,82523,3827,3061,127306,19651,392424,494286
202011,1호선,종로5가,13335,149217,202999,292359,211663,55361,1692,3490,71587,15110,289613,460176
202011,1호선,청량리,96211,64730,256835,266100,109120,116509,11144,5039,39562,60134,403752,396003
202010,1호선,동대문,40125,40131,142252,165551,67191,59945,12750,1898,38588,45873,233715,253453
202010,1호선,동묘앞,16432,32788,141852,184320,67090,28967,3310,861,14468,16597,176062,234566
202010,1호선,서울역,97202,279441,363862,427650,377247,174183,9822,6052,174994,83563,645880,796706
202010,1호선,시청,15939,213613,117076,209792,226632,40289,1879,3661,100435,12732,235329,439798
202010,1호선,신설동,45573,89497,133579,147058,112035,62999,8533,2292,36930,37199,224615,276046
202010,1호선,제기동,55336,64647,246612,282532,90929,64055,5014,1921,27504,33339,334466,382439
202010,1호선,종각,16763,314770,202440,367243,370094,101372,3111,3789,212111,22344,434425,708146
202010,1호선,종로3가,15346,93025,245689,372109,217485,84989,4152,2953,130433,22580,395620,490667
202010,1호선,종로5가,13639,141442,212451,307955,206550,59711,1733,3527,73970,15198,301793,468122
202010,1호선,청량리,94394,65426,262945,272818,110039,117591,11926,4877,40874,60714,410139,403835
202009,1호선,동대문,37377,38846,119709,131110,56646,51529,13111,1680,31931,38519,202128,210155
202009,1호선,동묘앞,14962,31230,116070,142789,55098,26512,3421,869,13027,13208,147480,188096
202009,1호선,서울역,85065,248719,270527,339732,316027,143364,9649,5601,129799,63725,495040,657777
202009,1호선,시청,14796,202145,99652,168342,208478,27984,1645,3522,77560,9389,193653,383398
202009,1호선,신설동,42682,85580,113411,126181,103769,56093,8426,2285,31109,29695,195628,243741
202009,1호선,제기동,53306,67834,237163,272736,87593,60961,4726,2335,24989,27135,320184,370040
202009,1호선,종각,14827,278500,169680,294481,325029,65019,2719,3804,141986,14782,329212,591567
202009,1호선,종로3가,13731,90261,203969,302434,189791,57527,3568,2658,88374,14470,309642,409823
202009,1호선,종로5가,12754,137093,190686,265392,191126,44639,1635,3470,55607,11343,260682,417298
202009,1호선,청량리,88417,62513,245374,258248,100294,108431,11715,4923,33305,49097,378811,374781
202008,1호선,동대문,35395,35610,118502,129345,55776,50589,11548,1814,32420,39853,197865,206622
202008,1호선,동묘앞,14982,28711,102475,120868,50424,27213,3008,794,13113,15354,133578,165727
202008,1호선,서울역,91266,271184,333293,403523,356173,158471,8802,5970,161889,78929,595250,759606
202008,1호선,시청,15097,206120,112554,191285,214559,32238,1627,3407,86583,11411,215861,412223
202008,1호선,신설동,43101,80226,112894,121709,101428,58997,8501,1967,33126,34908,197622,238810
202008,1호선,제기동,50635,60196,194141,219616,84669,60258,4541,1942,25930,30724,275247,312478
202008,1호선,종각,15794,306159,202763,353772,358135,87751,3122,3916,188689,20250,410368,684097
202008,1호선,종로3가,15712,96398,234162,351791,200208,73067,3691,2868,115169,19759,368734,470816
202008,1호선,종로5가,12995,135870,190634,268524,192101,54608,1647,3234,66074,14321,271350,421949
202008,1호선,청량리,90970,57902,225604,234318,101087,110818,11535,4225,37744,57634,365853,354079
202007,1호선,동대문,43863,44846,142341,163096,67093,62314,14956,2318,41684,50122,242844,260382
202007,1호선,동묘앞,18056,38580,126577,157138,64463,32303,3538,884,17124,18249,165295,214851
202007,1호선,서울역,109862,346552,386817,469815,444877,193595,9939,6476,199523,98099,706141,920942
202007,1호선,시청,17336,258186,130754,230347,261110,47354,1762,3818,116711,14962,266563,507313
202007,1호선,신설동,53193,103554,139612,152095,125696,70937,9776,2431,43485,42735,246066,300815
202007,1호선,제기동,61899,70931,231251,258611,95060,70537,5210,2371,30951,36759,329311,368672
202007,1호선,종각,18117,401620,236538,432032,452469,125695,3562,4667,273800,26500,532017,864819
202007,1호선,종로3가,18305,123642,282261,432867,247463,101316,4871,3141,167274,26258,472711,585908
202007,1호선,종로5가,15759,173200,232246,330056,236180,71734,2083,4124,89130,18166,339218,525546
202007,1호선,청량리,109055,69208,266012,271213,114691,131450,13309,4769,46252,70909,434628,416099
202006,1호선,동대문,42870,46737,136328,154572,64303,59622,14544,2384,41842,48001,235584,251694
202006,1호선,동묘앞,16999,39357,122667,154716,66014,31643,3574,899,17524,17015,160764,211987
202006,1호선,서울역,106537,330773,346671,422693,416349,172436,9984,6280,180319,86981,643511,846727
202006,1호선,시청,16417,244401,116396,206946,243527,39857,1593,3475,108013,12497,242419,467319
202006,1호선,신설동,50334,103336,133638,149336,123792,66404,9622,2468,42214,39932,235808,295072
202006,1호선,제기동,59067,71037,216484,241628,91853,66902,5120,2362,30196,34894,310867,349921
202006,1호선,종각,17176,382783,209925,383763,422485,109088,3380,4446,246605,23675,477086,794667
202006,1호선,종로3가,16940,115440,249084,380960,226014,87847,4524,2807,146925,22849,417473,522056
202006,1호선,종로5가,15287,167484,219786,306644,220433,62109,1987,4038,82911,16430,319971,494596
202006,1호선,청량리,104753,68053,249139,256276,109824,124503,12776,4713,45024,66890,411692,395932
202005,1호선,동대문,38547,44784,143707,165091,66292,58343,13715,2211,42559,47211,238528,259297
202005,1호선,동묘앞,15204,33819,132322,171221,67540,30682,3134,816,16556,16776,167216,222632
202005,1호선,서울역,94579,288082,357179,419501,378312,169147,9291,5936,177655,87234,638704,800753
202005,1호선,시청,15498,210842,113478,198691,220986,37673,1587,3132,98545,12603,229108,425268
202005,1호선,신설동,45318,90729,134481,148521,113659,63853,9174,2327,40680,39304,229653,280881
202005,1호선,제기동,52952,64473,229848,262503,92135,65748,4892,2004,30178,34221,317870,363201
202005,1호선,종각,16317,325010,202090,370025,379013,103125,3089,4164,230886,23607,452382,722806
202005,1호선,종로3가,15221,103313,258132,397853,221584,87726,4319,2506,145158,22938,422830,526610
202005,1호선,종로5가,14544,149334,227153,322300,210583,61288,1737,3563,81028,16353,324462,491550
202005,1호선,청량리,93087,60408,258854,269625,110402,120919,11694,4138,46242,65724,409877,399895
202004,1호선,동대문,35168,41396,121097,135186,58635,51375,13719,1966,35930,41202,205914,219750
202004,1호선,동묘앞,13902,31219,114444,150540,60392,27140,3163,762,14772,15053,146281,197574
202004,1호선,서울역,86078,265772,282234,350986,342956,144176,8380,5514,145486,72541,522178,694813
202004,1호선,시청,14357,197210,98436,179147,208708,30875,1569,2870,86786,11130,201148,390357
202004,1호선,신설동,42468,86713,115113,127162,107844,58920,9110,2107,37689,35173,204380,251155
202004,1호선,제기동,49765,61369,207166,238277,87785,60581,4309,1897,27296,30143,288536,331686
202004,1호선,종각,14914,297131,174105,336553,359004,91507,2799,3829,208715,21712,400533,659225
202004,1호선,종로3가,13770,98690,224584,349096,206633,79203,4126,2170,123418,21375,365898,471331
202004,1호선,종로5가,12319,141941,189399,276388,200860,52042,1684,3255,69009,13986,272411,435570
202004,1호선,청량리,87885,56364,227792,235059,100139,111463,11627,3714,39091,58202,366395,353339
202003,1호선,동대문,33492,37104,103594,109315,53561,47764,13143,1697,32409,39239,182638,187355
202003,1호선,동묘앞,13635,29597,93732,121975,53974,25069,3204,770,14184,13449,124755,165791
202003,1호선,서울역,83419,254367,235953,296965,318016,125197,8499,5157,127895,62607,455766,619096
202003,1호선,시청,14716,213781,91772,177060,220320,27196,1802,3346,86278,10860,194568,405047
202003,1호선,신설동,42130,86081,101672,114995,108582,57083,9119,2023,36186,33120,189107,236219
202003,1호선,제기동,47286,59210,167965,196557,83264,56588,4205,1793,27357,28417,246813,285977
202003,1호선,종각,14867,291042,156708,314312,345831,77308,2598,3882,185468,18927,359641,628163
202003,1호선,종로3가,12393,96836,194147,309943,196899,66216,3738,2150,106415,17981,316693,426910
202003,1호선,종로5가,12088,143900,161459,243522,194901,43665,1576,3288,62387,12840,237510,403550
202003,1호선,청량리,87592,52220,194833,200300,92743,106672,10915,3679,34522,54579,327862,310778
202002,1호선,동대문,37737,37995,128317,139890,62350,60437,14436,1767,40083,50593,220573,230245
202002,1호선,동묘앞,16105,30605,103231,130165,56095,27478,3152,761,15365,18401,137853,179932
202002,1호선,서울역,102141,312673,372805,448755,415266,182163,9409,5897,193350,98114,677705,865439
202002,1호선,시청,17623,252502,140233,236160,261288,43807,1994,3560,116442,18882,276292,511104
202002,1호선,신설동,50121,91423,128924,139065,120643,67935,9306,1808,43669,45556,232020,277852
202002,1호선,제기동,53321,61372,195654,234945,96761,63574,4278,1980,32888,35448,286141,333745
202002,1호선,종각,17745,361824,224846,409365,416588,116184,3225,4394,268448,29470,514264,805053
202002,1호선,종로3가,15214,104802,262179,412060,233881,94572,3962,2321,147615,27119,428970,546302
202002,1호선,종로5가,13992,155601,204779,299763,220701,61296,1824,3073,84640,19106,305235,477543
202002,1호선,청량리,100765,56183,229214,237056,106013,124014,10644,3663,44449,71408,385072,368310
202001,1호선,동대문,42346,39598,182352,217295,84058,83746,13406,1794,52287,66046,290391,324733
202001,1호선,동묘앞,17278,32374,149439,190137,72186,34014,3169,734,18136,23968,188022,247213
202001,1호선,서울역,124157,360114,594759,659545,525338,270730,9856,7958,285899,151421,1014671,1179038
202001,1호선,시청,20244,271729,200333,336119,302932,68165,2054,3976,153295,27403,375926,639227
202001,1호선,신설동,55617,95762,168044,169438,131007,79472,9366,1929,48519,58803,281546,325932
202001,1호선,제기동,59325,67502,301324,375729,124230,78241,5045,2052,40340,43849,406034,489132
202001,1호선,종각,21090,382661,313677,549931,485990,168674,4506,4688,348433,43121,687706,980401
202001,1호선,종로3가,18907,113194,373993,577026,296714,136847,4910,2477,203315,38632,601125,731329
202001,1호선,종로5가,15996,160873,296414,418270,262627,98221,1858,3357,117228,26646,431496,609146
202001,1호선,청량리,109810,64699,331770,361312,141311,148088,11273,3555,60281,93481,513134,523047
201912,1호선,동대문,51069,46098,208848,256919,93067,98764,16194,2179,62632,79542,338743,384738
201912,1호선,동묘앞,19693,41285,167278,205328,76414,36045,3467,766,20679,29240,211117,276619
201912,1호선,서울역,135418,371563,664433,733055,562911,309727,11846,8804,319545,193524,1131242,1306946
201912,1호선,시청,22088,280509,237490,396942,330366,108834,2218,4142,212773,41674,474569,723267
201912,1호선,신설동,60230,105480,191370,189373,144075,89571,9873,2304,60406,68507,321879,365664
201912,1호선,제기동,63913,71295,305519,368926,129861,83606,5434,2294,44880,51125,419746,493640
201912,1호선,종각,23217,381939,352180,625244,523966,249217,4783,4605,472490,77306,852670,1089094
201912,1호선,종로3가,20929,119389,397713,611442,319516,171148,5435,2779,251516,50397,675593,784007
201912,1호선,종로5가,17475,169718,340129,485037,288571,122954,2170,3652,142379,35513,502153,693920
201912,1호선,청량리,119871,71233,350883,377627,153975,164673,12666,3931,70214,115713,553634,568504
201911,1호선,동대문,53800,50057,195847,237300,88645,92323,16236,2168,57999,74583,323882,364108
201911,1호선,동묘앞,21052,45218,169564,208797,80465,37378,3861,764,20016,28103,214493,282882
201911,1호선,서울역,144667,389175,637506,722131,567884,306048,12609,9416,305006,179283,1099788,1300005
201911,1호선,시청,22823,292580,234930,399486,336133,86233,2383,4296,178564,31878,438700,728240
201911,1호선,신설동,63354,111602,186630,189279,147699,88316,10887,2556,55347,63716,316218,367153
201911,1호선,제기동,68697,76814,305363,364297,127388,84030,5473,2349,42012,48490,421545,491950
201911,1호선,종각,24212,395166,327702,587138,516556,198967,4406,4647,380595,49090,736915,1036041
201911,1호선,종로3가,22302,121343,373451,567607,307893,158105,5494,3008,227238,44678,628485,736636
201911,1호선,종로5가,18643,175967,321701,458529,287655,112794,2234,3809,129375,31533,471953,669838
201911,1호선,청량리,127352,75695,342622,371668,148802,169461,14081,4159,67295,108056,551350,559578
201910,1호선,동대문,56524,55034,206821,255024,94797,96752,16759,2265,61245,78667,341349,390990
201910,1호선,동묘앞,21761,48075,179888,229205,92552,41108,3997,854,21229,28387,226875,306521
201910,1호선,서울역,149451,409145,662460,742537,572211,305990,13821,10352,313607,181945,1139339,1343979
201910,1호선,시청,24539,307970,266359,480225,355071,87561,4481,4676,187298,33309,482677,826180
201910,1호선,신설동,66077,118330,194832,193689,151796,91024,11351,2601,57478,67973,329738,382593
201910,1호선,제기동,72204,81775,326240,390454,137185,90243,5889,2561,44519,48827,448852,523617
201910,1호선,종각,25747,416934,376390,647195,540310,186077,5866,4980,369578,48177,777581,1117286
201910,1호선,종로3가,23730,129355,403020,614177,336453,155472,6023,3130,230886,47743,663659,794405
201910,1호선,종로5가,19996,185548,345460,484429,297072,112433,2272,4047,130873,32411,498601,706435
201910,1호선,청량리,131035,82189,357973,385632,158220,177610,14654,4288,71026,110373,574688,582482
201909,1호선,동대문,50715,48554,192082,233709,86986,90269,13677,2092,59737,73341,316211,357696
201909,1호선,동묘앞,19587,43958,158774,196402,80870,37864,3434,765,20082,24870,201877,265995
201909,1호선,서울역,135538,362646,583467,657554,511576,279138,12006,9154,283488,162941,1014499,1192295
201909,1호선,시청,21478,275273,201418,323492,294343,71690,2266,3989,153647,27991,378809,630745
201909,1호선,신설동,59791,106881,174242,171635,134557,81100,9536,2210,51463,60733,295032,341459
201909,1호선,제기동,66873,75178,299886,360230,126414,83032,5113,2471,40477,44470,412349,482349
201909,1호선,종각,23107,382060,302351,507911,461704,167692,4074,4439,330285,42956,659817,937366
201909,1호선,종로3가,21401,116737,348490,525448,287632,138182,5089,2717,206118,41144,581098,686046
201909,1호선,종로5가,17906,162531,297463,408077,251823,96103,2014,3364,107944,27350,425327,601322
201909,1호선,청량리,120977,74108,333564,366536,147736,158410,12620,3542,66312,99699,533473,543885
201908,1호선,동대문,49234,47969,188074,230931,86960,89862,14999,1944,58369,71833,310676,352677
201908,1호선,동묘앞,19661,40622,153213,183312,79304,42229,3538,900,22319,27122,198731,251956
201908,1호선,서울역,134805,382702,627555,704466,540900,285729,12654,9875,298957,172134,1073971,1269177
201908,1호선,시청,22124,287628,222282,362046,316946,80325,2423,4136,169643,31470,416472,685280
201908,1호선,신설동,59994,106414,173164,172051,138183,85269,10660,2303,56072,65908,299890,346676
201908,1호선,제기동,67331,77970,290039,350095,137598,88255,5417,2364,44569,48127,407356,478556
201908,1호선,종각,23177,411337,339768,580244,507941,189241,4362,5085,373564,48564,740871,1045230
201908,1호선,종로3가,22434,127114,375756,574418,306829,146008,5429,3037,222697,45820,626316,750389
201908,1호선,종로5가,18537,170415,315209,425260,265036,105577,2216,3533,114399,30922,450361,630130
201908,1호선,청량리,123836,74074,327181,357392,155270,167126,14222,3885,68431,107776,533670,543127
201907,1호선,동대문,54690,55175,191046,233906,89201,91741,18174,2449,60814,77203,324724,368733
201907,1호선,동묘앞,21373,45562,150664,179407,78998,41819,3797,828,23746,27502,199580,253299
201907,1호선,서울역,142845,415481,610432,692369,563419,279441,13033,9806,294706,166456,1061016,1284112
201907,1호선,시청,23065,318398,206899,338503,329489,75130,2567,4359,170302,30238,402833,691498
201907,1호선,신설동,65036,121950,180005,184604,149474,89049,11118,2399,61335,65916,317494,374869
201907,1호선,제기동,72513,82880,289720,352848,140378,90887,5681,2494,47335,48357,415249,486579
201907,1호선,종각,23955,466083,339053,579381,535315,186373,4381,5761,389329,46284,756718,1097509
201907,1호선,종로3가,22596,144931,396318,608018,319758,148305,5349,3250,236531,43011,660794,799210
201907,1호선,종로5가,18921,190587,315788,432050,276543,103396,2343,3747,121800,30023,458852,656407
201907,1호선,청량리,135623,76773,324732,351009,150009,171785,14293,3720,70336,110032,544984,541534
201906,1호선,동대문,53227,53752,198277,242981,88856,90892,17486,2366,62472,78292,331462,377391
201906,1호선,동묘앞,20318,45952,167825,210540,87320,42884,3822,820,23583,27523,215548,284835
201906,1호선,서울역,134937,376028,611331,677686,513964,280767,12595,9823,298240,174433,1057103,1237970
201906,1호선,시청,22262,277430,210432,346051,299222,74496,2560,4321,167591,30692,402845,658494
201906,1호선,신설동,60127,107598,179722,183538,138412,83013,10627,2283,57177,64716,307653,358135
201906,1호선,제기동,66913,77197,298223,360218,134568,87779,5539,2546,45444,47666,416119,487627
201906,1호선,종각,23363,393857,308882,531811,468188,175445,4658,5097,367358,46810,704261,977575
201906,1호선,종로3가,22681,126080,368787,569368,302873,149367,5731,2977,235233,45847,632432,744272
201906,1호선,종로5가,18136,171650,317886,435653,257046,102748,2272,3554,120403,30315,458697,641172
201906,1호선,청량리,123913,75325,333521,364442,150469,167828,13944,3658,74943,108919,546321,552344
201905,1호선,동대문,59519,60320,211369,262811,96747,99502,18109,2464,68475,83237,357472,408832
201905,1호선,동묘앞,22266,51881,183910,233072,97126,47626,3848,887,26004,30073,236028,315913
201905,1호선,서울역,149626,415223,649344,720259,565472,304195,13106,10600,323508,190359,1135584,1336441
201905,1호선,시청,25094,306275,229707,374425,326372,84139,2932,4679,180753,33420,438486,718799
201905,1호선,신설동,66978,119062,193073,194745,152224,91239,11336,2141,62863,70899,334250,386847
201905,1호선,제기동,74116,83870,316486,378145,142544,94554,5960,2445,49293,52430,445855,516890
201905,1호선,종각,25210,437234,339615,577293,517273,191118,4692,5236,408640,51841,778157,1071604
201905,1호선,종로3가,24325,138665,400609,609704,329662,161363,5721,3052,256594,48869,687249,800290
201905,1호선,종로5가,19793,197827,342869,472013,289024,113697,2296,4208,139742,32962,504700,707010
201905,1호선,청량리,137965,83470,356470,387971,163180,183753,15395,3620,82256,121840,592086,596901
201904,1호선,동대문,59523,57623,200095,244052,94320,97881,16646,2571,66226,82081,342490,386327
201904,1호선,동묘앞,22884,50443,166982,212603,91011,43088,3783,854,24356,28809,218005,292709
201904,1호선,서울역,147595,420411,621159,696490,565445,291188,11961,9817,318272,176394,1098987,1303112
201904,1호선,시청,24656,316728,222038,350987,334351,77695,2595,4585,176235,32211,425524,704511
201904,1호선,신설동,67736,118896,186073,189598,151143,91728,10480,2226,61822,68138,326111,378858
201904,1호선,제기동,73410,85658,309925,371743,142598,91499,5425,2542,47096,51301,435856,511244
201904,1호선,종각,25025,447531,322865,548570,524040,182857,3943,5179,390553,48549,742386,1049829
201904,1호선,종로3가,23458,134405,378815,578394,319611,153289,5296,2753,231547,45310,639116,760862
201904,1호선,종로5가,19684,197443,321919,454995,293055,111454,2084,3902,138244,31388,481931,687728
201904,1호선,청량리,139467,80142,347161,380628,158009,181098,14251,3269,76495,117295,577374,581334
201903,1호선,동대문,56768,54976,206659,260588,97278,101449,16339,2485,69478,82341,349244,400390
201903,1호선,동묘앞,21647,48577,180539,237374,95225,42974,3771,834,23865,28775,229822,315560
201903,1호선,서울역,139573,383690,637194,708737,544976,293625,11994,8756,317374,176739,1106135,1277922
201903,1호선,시청,23755,289928,223583,352260,317100,74585,2821,4431,166770,32087,416929,678706
201903,1호선,신설동,64426,110868,193478,199718,148812,92824,10404,2217,63195,70024,331503,382827
201903,1호선,제기동,68454,79541,312699,368197,139571,92496,5336,2226,47554,51803,434043,501767
201903,1호선,종각,24432,409012,334460,569825,514539,194142,4384,4949,401680,49898,764956,1033684
201903,1호선,종로3가,22518,122385,395844,612675,326693,161074,5538,2655,235057,44591,658957,782306
201903,1호선,종로5가,18343,185011,333611,475703,294477,113500,2174,3679,138156,31962,492284,696355
201903,1호선,청량리,131689,79031,365372,407248,170113,183305,13321,2990,80189,121022,590571,610291
201902,1호선,동대문,40983,40788,178344,223823,84364,84108,12506,1857,54445,65129,286278,331597
201902,1호선,동묘앞,15824,29348,152498,209736,78899,34591,2901,739,18682,23890,189905,263713
201902,1호선,서울역,114369,316978,576815,636083,471190,260126,9536,7357,276693,152007,977413,1112425
201902,1호선,시청,18202,234648,179181,278028,258663,60535,2182,3268,136241,26292,335806,542236
201902,1호선,신설동,49535,87365,158534,165397,122907,73667,7917,1728,49914,55263,265900,309753
201902,1호선,제기동,52949,60075,255862,305125,116142,73949,4193,1780,38371,42746,351375,409726
201902,1호선,종각,19229,336757,291374,501957,434729,167352,3748,4230,344388,43065,658739,886009
201902,1호선,종로3가,16945,98725,339902,541311,282547,135946,4417,2137,203051,38106,564315,680279
201902,1호선,종로5가,14477,149402,276532,400977,249717,95965,1646,2846,115421,25123,408076,578348
201902,1호선,청량리,103925,62105,314817,345492,142460,151808,10206,2435,64959,101268,493907,511300
201901,1호선,동대문,49288,46592,195080,235456,90479,91049,15949,2171,57126,72802,317443,357021
201901,1호선,동묘앞,18921,35251,157986,204161,78503,36182,3419,835,20429,26216,200755,266463
201901,1호선,서울역,133106,386155,622807,684916,553764,280914,11609,8796,302427,164236,1069949,1244103
201901,1호선,시청,21213,295466,207656,341444,326625,72499,2483,4049,169757,29054,401109,670013
201901,1호선,신설동,60387,109267,180114,190637,149584,86074,9134,2260,57427,61591,307062,363755
201901,1호선,제기동,65865,77203,336884,414517,140431,86345,5190,2292,44064,50079,452003,544091
201901,1호선,종각,22354,431309,335672,590613,536440,198268,4509,5113,420034,46795,782569,1073830
201901,1호선,종로3가,19677,126368,403050,639006,332266,156285,5183,2524,235868,40451,663778,808349
201901,1호선,종로5가,16587,188175,318089,464960,300155,108392,1977,3592,136016,27771,472669,684498
201901,1호선,청량리,128353,75599,370455,404529,161402,176465,12165,2923,72205,115097,583178,598148
201812,1호선,동대문,52832,46439,215776,264846,97763,100703,15386,2182,61479,80521,345473,393988
201812,1호선,동묘앞,19378,39193,167858,208170,78696,37258,3360,869,20964,29986,211560,278218
201812,1호선,서울역,130286,355086,666926,724282,539606,305847,11217,8891,326215,195460,1134644,1283719
201812,1호선,시청,21743,264883,227090,357223,315264,105728,2750,4001,205954,40837,457537,666944
201812,1호선,신설동,59069,102161,192121,195389,142625,88185,9438,2395,61023,68238,321651,368183
201812,1호선,제기동,61627,71318,306757,365601,131545,81681,4976,2230,43017,51507,416377,490656
201812,1호선,종각,22485,362248,336957,587477,490702,248879,4542,4816,471475,77953,835459,1032494
201812,1호선,종로3가,20383,115873,389260,604425,315748,171748,5317,2504,255759,50769,670719,773571
201812,1호선,종로5가,16958,171541,323532,460321,279210,118622,2012,3349,138161,32829,480663,668040
201812,1호선,청량리,122522,74248,364869,399079,161732,173681,11853,2984,78350,125258,577594,601569
201811,1호선,동대문,58488,53903,201416,244814,93036,98505,16109,2286,61066,79044,337079,380047
201811,1호선,동묘앞,22162,44864,166669,209472,82717,39075,3830,938,21748,28329,214409,283603
201811,1호선,서울역,148752,401776,655761,715030,580911,313285,12325,9553,329704,181500,1146542,1307859
201811,1호선,시청,23727,300007,234368,370637,342615,89816,2813,4741,184780,33050,445688,708435
201811,1호선,신설동,65637,116994,189233,195222,151567,90344,10789,2603,59430,65581,325089,380400
201811,1호선,제기동,70877,81199,315698,376542,135381,85791,5714,2480,43241,50455,435530,510676
201811,1호선,종각,25007,411558,327087,567925,523387,208849,4136,5395,410030,51110,766260,1035988
201811,1호선,종로3가,22569,125666,375416,574214,321369,164187,5929,2920,240635,45561,644549,748361
201811,1호선,종로5가,18525,191943,304532,436185,286678,106729,2126,3883,128254,29055,453437,661066
201811,1호선,청량리,138205,83019,357869,396111,162343,184344,13301,3573,78247,119049,587622,601752
201810,1호선,동대문,61273,58787,208552,260472,98043,102075,16789,2522,64075,82086,350689,403867
201810,1호선,동묘앞,22616,46075,175189,227484,92702,42371,3512,979,22990,29845,224307,304383
201810,1호선,서울역,153119,413186,650771,715581,570184,303343,12992,10375,329309,181085,1146191,1320227
201810,1호선,시청,24650,297670,235459,372313,329801,82636,2836,4643,179930,32582,442875,707208
201810,1호선,신설동,66685,118188,192540,199408,150912,90859,11074,2535,60553,66912,330852,387043
201810,1호선,제기동,71896,84391,325950,389490,140986,89034,6138,2617,44240,51297,448224,527795
201810,1호선,종각,25593,401569,341174,588337,517066,192412,4409,5160,381638,49001,752814,1044067
201810,1호선,종로3가,23892,129560,387210,588594,329360,156376,6287,2918,235976,45505,653365,766577
201810,1호선,종로5가,19418,192672,326412,459943,290357,105262,2355,4334,128106,29533,476291,686482
201810,1호선,청량리,139896,89691,363685,399370,167687,187254,13875,3883,80147,121337,597603,614281
201809,1호선,동대문,53270,50652,198442,244646,92243,93746,13526,2094,61156,77293,326394,374685
201809,1호선,동묘앞,19296,40648,164451,212210,85030,40029,3089,931,21325,27294,208161,281083
201809,1호선,서울역,129892,345276,588041,652799,492752,277967,11899,8775,296047,170467,1025879,1177317
201809,1호선,시청,21071,246135,211590,325257,275186,73941,2465,4061,157077,29059,392203,604512
201809,1호선,신설동,57015,101015,174911,175344,128462,79125,9306,2365,53972,61227,295204,339951
201809,1호선,제기동,63032,76148,322060,392197,134482,83400,5310,2602,40672,46108,431074,517055
201809,1호선,종각,22461,337601,303189,519140,442058,179894,4083,4195,341487,45234,671220,906170
201809,1호선,종로3가,22137,111129,352391,534015,292214,142657,5872,2669,216302,43655,596702,691468
201809,1호선,종로5가,17514,154979,285677,394866,237902,92436,2136,3282,105471,26700,410798,579827
201809,1호선,청량리,119406,79330,356806,400519,165452,169592,12484,3860,75599,111480,564295,595189
201808,1호선,동대문,53230,51222,183553,219295,85423,89287,14026,2040,56876,75448,307685,348005
201808,1호선,동묘앞,20517,38390,136572,158620,69373,40526,3394,994,22354,28172,182837,226176
201808,1호선,서울역,132397,393532,593052,660968,541700,272618,12530,8673,302044,165370,1040023,1228543
201808,1호선,시청,21598,282838,191252,294573,302072,70119,2445,4215,157921,30226,373216,611852
201808,1호선,신설동,61244,110812,170402,171395,137100,82686,9342,2528,57330,64594,298318,349329
201808,1호선,제기동,68027,81805,274332,329543,140753,89343,5621,2592,43988,47888,391968,461828
201808,1호선,종각,23497,419212,329137,558953,513158,189666,3932,4810,370260,47964,726826,1030939
201808,1호선,종로3가,22524,129431,355590,548216,303467,140764,5859,2974,218027,44347,602000,724968
201808,1호선,종로5가,18395,175758,280102,375833,251357,90892,2270,3378,105030,28767,405797,583736
201808,1호선,청량리,129295,80127,326657,362377,165323,175378,12905,4007,74405,114764,543262,561275
201807,1호선,동대문,58398,58589,192780,232249,90891,93694,16864,2394,61077,81305,329119,374537
201807,1호선,동묘앞,21855,44430,141406,165597,74224,42947,3445,1014,24759,28518,191465,239559
201807,1호선,서울역,135564,405112,581342,651427,541903,269117,13016,8847,300274,169544,1030196,1234930
201807,1호선,시청,22230,294747,193712,303671,308519,72861,2547,4500,166155,29492,384644,632410
201807,1호선,신설동,63592,119363,176943,179904,143592,85952,10027,2776,62669,64221,313231,366264
201807,1호선,제기동,71654,88189,283706,340309,144480,92366,5912,2495,46257,50478,407529,481471
201807,1호선,종각,24220,436977,328396,561432,515782,195135,4290,5298,393598,48685,750504,1052392
201807,1호선,종로3가,23053,143499,374845,578311,317270,146753,6264,3166,236506,44103,640668,769079
201807,1호선,종로5가,19409,188664,286954,389541,259919,94447,2297,3889,114974,29806,423634,611900
201807,1호선,청량리,136007,84478,329344,361581,163979,181549,14179,4046,79300,119128,558830,569233
201806,1호선,동대문,58419,57694,196265,243957,91535,93467,17011,2858,64488,81309,336183,385818
201806,1호선,동묘앞,21001,44489,152072,185558,79756,41190,3648,1024,24472,28983,201193,260054
201806,1호선,서울역,124975,372634,568253,636354,488571,266040,13092,8896,285825,174592,992145,1192476
201806,1호선,시청,21655,265329,193577,299418,278859,73317,2794,4336,165702,34218,383728,603301
201806,1호선,신설동,60781,110854,180333,183885,138017,81735,10062,2618,60246,63993,311422,361350
201806,1호선,제기동,67645,81921,301555,364122,138362,87500,6143,2729,44993,49726,420336,498498
201806,1호선,종각,23721,380482,308078,528415,461033,183027,5001,4910,367783,50517,704583,964324
201806,1호선,종로3가,22579,126623,360867,555886,304293,148288,6575,2976,238154,47019,628175,732504
201806,1호선,종로5가,18943,176800,303192,415046,255193,97235,2309,3848,120098,29970,444542,625664
201806,1호선,청량리,129179,83601,343015,376415,161235,176946,14769,4207,84247,119511,571210,583734
201805,1호선,동대문,61806,61275,208610,260517,97685,98527,17491,2697,68117,85880,356024,410369
201805,1호선,동묘앞,22223,47168,163472,201773,85465,44276,3768,957,26156,31128,215619,281026
201805,1호선,서울역,132278,396630,604525,680994,522802,285353,13319,9244,310711,191019,1060833,1277887
201805,1호선,시청,22740,279804,211059,330005,297312,77130,2480,4595,176078,32141,412357,646545
201805,1호선,신설동,65998,115337,190518,195287,144543,87653,9980,2626,64157,68391,330653,381641
201805,1호선,제기동,69699,84168,315149,378626,143918,91396,6001,2594,47539,54017,438388,519405
201805,1호선,종각,26108,396870,335085,568951,489671,192405,4772,5132,408184,52362,774149,1023315
201805,1호선,종로3가,24058,133540,389000,593945,327748,157192,6542,2884,252139,48882,671739,779251
201805,1호선,종로5가,19741,187789,324695,448504,276061,106096,2362,3934,137602,32762,484400,672989
201805,1호선,청량리,137429,89057,365434,398025,170941,189382,14781,4294,91425,130917,609069,622293
201804,1호선,동대문,61437,59809,198887,244764,94068,98137,16050,2283,66022,84548,342396,391404
201804,1호선,동묘앞,22368,46958,157743,192620,82523,41813,3668,895,24779,30768,208558,271241
201804,1호선,서울역,131215,403304,573092,656235,522100,277922,12671,9133,307381,180107,1024359,1248779
201804,1호선,시청,22600,286460,201246,307395,296531,73018,2392,4403,171393,31359,397631,629617
201804,1호선,신설동,65637,115615,184119,190584,144224,86934,9120,2431,63546,66669,322422,375299
201804,1호선,제기동,69666,83596,307318,372718,141170,89868,5491,2340,45614,52474,428089,511128
201804,1호선,종각,26408,407498,315929,532227,491083,186234,4307,5091,388648,50913,735292,995729
201804,1호선,종로3가,22942,128235,364333,556217,315045,153611,5702,2648,237844,46792,630821,733892
201804,1호선,종로5가,19073,184027,308859,430942,272724,102205,2300,3684,131955,31303,462187,649956
201804,1호선,청량리,138276,86971,350892,382869,166183,185804,14094,4059,86935,126021,590197,599920
201803,1호선,동대문,61713,59255,205346,257419,101088,104397,16649,2433,69032,86108,352740,405215
201803,1호선,동묘앞,21966,47587,165434,208984,90620,43060,3652,815,25711,31004,216763,288390
201803,1호선,서울역,128919,388650,599435,677648,527045,291669,12735,8364,306388,183430,1047477,1258092
201803,1호선,시청,22565,284445,211350,333426,309511,76138,2386,4464,174320,30860,410621,653195
201803,1호선,신설동,65902,115485,195619,205068,151716,93596,9316,2524,66822,69221,337659,392298
201803,1호선,제기동,69463,82061,317289,383792,146350,91382,5331,2453,45151,55267,437234,523573
201803,1호선,종각,26587,409694,348051,586757,521136,210190,4410,5331,422792,54524,801840,1056306
201803,1호선,종로3가,22261,126175,386781,602160,339916,170082,5657,2468,255783,47916,670482,778719
201803,1호선,종로5가,19374,187998,326286,473932,296615,111260,2323,3555,140836,32189,488819,697674
201803,1호선,청량리,140055,84663,370397,402727,176376,194759,13779,3808,90275,134078,614506,625276
201802,1호선,동대문,44386,42071,176327,215932,82869,83474,12656,1821,52814,68524,286183,328348
201802,1호선,동묘앞,16678,29532,136870,171462,66646,33165,2852,639,18184,25227,174584,226860
201802,1호선,서울역,105089,323357,547242,600858,451023,258218,10009,7257,274592,157683,936932,1089155
201802,1호선,시청,17550,232588,173242,277678,253624,62473,2152,3511,144883,25787,337827,539564
201802,1호선,신설동,50718,86243,155946,160602,119602,72703,7454,2063,49209,55205,263327,304113
201802,1호선,제기동,54384,62170,282740,345030,117882,72470,4247,1785,34644,44357,376015,453342
201802,1호선,종각,21018,343852,302080,511917,444145,175942,3846,4453,356923,48637,683867,908859
201802,1호선,종로3가,17530,100528,323345,507549,276220,132619,4479,2051,199077,40382,544431,650510
201802,1호선,종로5가,15127,149076,259108,366207,242498,85922,1766,2837,106290,26251,382291,544371
201802,1호선,청량리,109793,63452,328595,358426,144032,155448,10814,3079,69774,108909,518976,533866
201801,1호선,동대문,51384,47294,189871,225600,89708,91323,15581,2180,54780,76400,311616,351474
201801,1호선,동묘앞,19357,34251,138914,173678,68408,34779,3169,725,19988,27209,181428,235863
201801,1호선,서울역,118697,377359,566215,639174,519278,265453,11318,7717,289091,160776,985321,1185026
201801,1호선,시청,19588,281102,193628,318530,303922,68557,2322,4291,168622,25675,384160,629598
201801,1호선,신설동,59648,103327,173174,183581,142217,83093,8418,2460,56844,61330,298084,350698
201801,1호선,제기동,63906,72109,286960,347800,128709,79765,4791,1918,39608,50651,395265,472478
201801,1호선,종각,24658,425608,345090,601595,537417,202485,4839,5258,425267,47638,799854,1080099
201801,1호선,종로3가,19838,127996,373644,595832,324444,149584,5246,2455,229512,40571,628240,766854
201801,1호선,종로5가,16879,180729,278859,406454,285314,93652,2017,3334,123123,28976,420878,619493
201801,1호선,청량리,128291,73879,346754,379442,160552,178263,12304,3510,77964,122641,565313,579472
201712,1호선,동대문,56872,50903,216875,265718,100392,108571,15270,2335,64765,91152,353782,410108
201712,1호선,동묘앞,20526,38739,153549,184045,71775,37047,3402,842,22174,32695,199651,256321
201712,1호선,서울역,115693,355350,632595,689511,510124,302197,12191,8294,313632,204905,1074111,1258060
201712,1호선,시청,21040,257980,218977,352614,298577,104357,2428,3987,210238,38934,452683,653515
201712,1호선,신설동,60555,101980,193627,196878,144023,90783,8402,2425,64591,70480,327175,371763
201712,1호선,제기동,63440,72058,308422,369160,130668,81812,4691,1967,41054,54186,417607,497371
201712,1호선,종각,27339,378624,362473,617111,516700,269529,5478,4873,507099,81881,902389,1082489
201712,1호선,종로3가,23003,120317,399451,610527,330882,181471,6053,2407,269797,54327,698304,787578
201712,1호선,종로5가,18286,171864,313741,446841,284731,118932,2418,3232,142341,35456,476786,657393
201712,1호선,청량리,127958,78321,379294,406433,169835,185556,12842,3461,88039,141954,608133,630169
201711,1호선,동대문,61760,60131,209330,251817,99756,104742,16583,2513,65209,87840,352882,402301
201711,1호선,동묘앞,22569,45104,154664,188761,76804,38823,4117,1025,22306,29591,203656,264481
201711,1호선,서울역,125734,398923,589817,656195,537134,294291,12638,9003,300642,178173,1028831,1242294
201711,1호선,시청,22496,295292,225462,361557,322249,87628,2408,4510,190429,30700,440795,692059
201711,1호선,신설동,66878,114038,190194,198461,150343,91738,9109,2987,61214,65626,327395,381112
201711,1호선,제기동,71922,82136,317967,380539,133067,84787,5471,2329,39616,53294,434976,518298
201711,1호선,종각,28611,430335,340595,573176,539383,223000,4437,5356,436505,55006,810148,1063873
201711,1호선,종로3가,24911,132811,378660,575993,334558,170541,6210,2680,250607,47075,660388,758559
201711,1호선,종로5가,19511,190008,308035,436937,295573,109528,2484,3388,135595,32762,465625,663095
201711,1호선,청량리,143519,86785,369605,399874,164802,190807,14684,3769,81990,131493,609798,621921
201710,1호선,동대문,52894,54362,215832,270135,100850,105754,13911,2177,62662,83982,345299,410656
201710,1호선,동묘앞,19888,40004,165904,212471,84384,39448,3532,976,21418,28517,210742,281968
201710,1호선,서울역,112898,341378,588492,645488,471570,277961,12629,8648,290828,169513,1004847,1165027
201710,1호선,시청,20384,238650,203582,343348,273538,77726,2249,4022,168565,27893,394780,613913
201710,1호선,신설동,56058,95403,179515,180051,126802,78675,8943,2429,53036,59558,297552,337441
201710,1호선,제기동,61854,71893,299995,344721,114085,76948,5091,2318,34625,46983,401565,465915
201710,1호선,종각,25515,338044,310870,523400,454482,179839,4245,4399,351130,47778,691760,913621
201710,1호선,종로3가,24039,112829,371910,565169,312374,146020,6086,2377,220714,45693,622749,726068
201710,1호선,종로5가,18069,155108,292902,408757,250877,95583,2317,2770,111897,28817,425185,595452
201710,1호선,청량리,121477,81563,365501,398673,164801,175361,13762,3829,83996,119706,584736,603771
201709,1호선,동대문,60506,63595,200420,245624,97600,100545,16652,2476,64368,86079,341946,397774
201709,1호선,동묘앞,22705,49595,153743,191445,87877,42288,4122,1040,24460,28800,205030,270880
201709,1호선,서울역,126061,392450,566444,629253,505871,283939,13171,8676,293491,182419,999167,1212798
201709,1호선,시청,22823,290498,223708,351138,299209,80684,2319,4666,183010,29722,431860,676024
201709,1호선,신설동,65134,117807,187207,195260,150051,88551,10333,2597,61460,62490,324134,378154
201709,1호선,제기동,73942,90395,342547,401973,135772,88195,5715,2753,40079,51611,462283,546732
201709,1호선,종각,28943,423534,338914,551408,509777,209981,4549,5362,400507,53169,772913,1033473
201709,1호선,종로3가,26078,138598,378905,573624,333626,165067,6427,2898,247230,46418,658640,761538
201709,1호선,종로5가,20449,191858,309868,430211,279197,105990,2656,3323,123222,31408,456195,656800
201709,1호선,청량리,142724,93406,386325,430047,184845,191965,15304,4521,89799,130987,634152,658961
201708,1호선,동대문,53226,55331,188999,234002,91509,94578,13747,2155,59029,80800,315001,372288
201708,1호선,동묘앞,21376,41583,135152,164258,74434,41794,3484,971,23834,28972,183846,235784
201708,1호선,서울역,112180,380842,562292,615810,495378,262254,12475,8638,284726,173308,971673,1178598
201708,1호선,시청,21070,274129,186536,294808,280966,71246,2541,4285,165557,28294,375704,601516
201708,1호선,신설동,60366,106017,168714,170916,131253,80502,9514,2371,54256,58718,292850,338022
201708,1호선,제기동,67639,83501,288147,332116,128806,83705,5466,2480,36769,50067,398021,468164
201708,1호선,종각,27820,422033,343344,565615,508833,200944,4528,5605,394932,52111,770624,1045364
201708,1호선,종로3가,25109,136504,375265,577729,319235,149503,6040,2714,233727,45587,640141,762534
201708,1호선,종로5가,19207,178763,291052,397326,261676,98595,2417,3049,115379,31462,428055,610600
201708,1호선,청량리,132390,83797,348524,382815,173276,179360,14659,4396,82808,125869,578381,596877
201707,1호선,동대문,55959,60481,194592,242609,93739,96009,16060,2336,61747,86204,328358,391630
201707,1호선,동묘앞,21098,46503,134287,160980,74494,42037,3757,917,24956,28697,184098,237097
201707,1호선,서울역,114987,379641,548122,596514,483204,262983,12593,8641,286223,169018,961925,1153814
201707,1호선,시청,21002,276740,185503,302869,282698,67860,2379,4364,164712,26660,373596,610633
201707,1호선,신설동,61889,107958,171022,174519,132298,80136,9227,2313,56424,58190,298562,342980
201707,1호선,제기동,68176,84959,276409,316130,127527,83757,5526,2511,39278,51146,389389,454746
201707,1호선,종각,28009,432352,339382,565314,506046,199168,4842,5281,406883,52222,779116,1055169
201707,1호선,종로3가,24815,144351,380984,593664,321857,151707,6376,2731,241659,44504,653834,785250
201707,1호선,종로5가,20074,185024,286364,395866,259765,98706,2532,3136,120443,31824,429413,615850
201707,1호선,청량리,133345,84536,343599,377126,170794,177815,14370,4232,84252,127193,575566,593087
201706,1호선,동대문,58759,65550,200103,250595,93988,98265,16988,2531,66718,88511,342568,407187
201706,1호선,동묘앞,22069,51652,146007,177009,81058,43275,3734,990,26228,28831,198038,258482
201706,1호선,서울역,121146,393005,568534,628589,496045,276839,12946,8738,307831,177786,1010457,1208118
201706,1호선,시청,21674,284690,192094,301659,281656,72153,2428,4434,171390,27231,387586,618014
201706,1호선,신설동,62808,116311,174003,181821,136202,80925,10332,2328,59904,60132,307047,360592
201706,1호선,제기동,71561,88378,296398,338417,128950,87551,5807,2852,42580,52226,416346,481873
201706,1호선,종각,28492,427790,322936,530844,486532,194658,4574,5247,396864,53384,752866,1017265
201706,1호선,종로3가,25427,137249,358164,548929,314466,154979,6717,2867,248024,47476,638332,736521
201706,1호선,종로5가,20728,192854,301849,416978,266293,100599,2524,3481,126173,32535,451274,645848
201706,1호선,청량리,137126,89300,357028,393235,173301,182897,15396,4390,91264,130241,600814,617166
201705,1호선,동대문,59346,66396,213511,275990,98933,102880,17473,2531,68745,91649,359075,436566
201705,1호선,동묘앞,21369,50763,159501,199400,87015,44240,3551,949,25910,29812,210331,280924
201705,1호선,서울역,123668,387883,609039,656787,494088,284068,13566,9676,311144,188014,1057417,1242360
201705,1호선,시청,22239,261960,196797,312555,267320,78126,2506,4392,175577,29453,397119,608360
201705,1호선,신설동,63011,112130,180086,184194,133593,81301,10088,2242,58877,62615,312062,361181
201705,1호선,제기동,69748,86184,311682,352415,126342,87445,5659,2554,42639,53275,429728,494428
201705,1호선,종각,29627,395074,337429,551275,469868,193459,4826,5039,398284,55547,770166,1006935
201705,1호선,종로3가,25776,137531,383131,574255,319128,152334,6708,2707,245430,48892,661045,763385
201705,1호선,종로5가,20920,189441,316823,438495,271256,101208,2555,3523,130114,33004,470412,664463
201705,1호선,청량리,135220,94009,380039,416444,181570,191749,15751,4354,99873,136659,630883,651466
201704,1호선,동대문,60105,65269,206229,263667,99851,105159,16269,2303,68288,90420,350891,421659
201704,1호선,동묘앞,22303,52137,156310,200344,89288,43477,3355,877,25233,30153,207201,283511
201704,1호선,서울역,126720,401006,574590,618775,495931,275970,13102,9333,298220,183767,1012632,1212881
201704,1호선,시청,22200,277416,209782,340754,293308,75075,2379,4616,176012,30253,410373,653039
201704,1호선,신설동,65685,116788,183829,188505,141378,84528,9723,2329,60099,66217,319336,373839
201704,1호선,제기동,71091,85251,301047,343808,127169,87068,5142,2659,43201,53722,420481,485440
201704,1호선,종각,30004,414733,333183,544549,492012,205678,4512,4793,435933,57564,803632,1021639
201704,1호선,종로3가,26612,138844,375394,561935,323953,163209,6192,2350,249966,50020,658164,753149
201704,1호선,종로5가,21138,188589,304962,429432,276160,108040,2409,3335,136155,34312,464664,655668
201704,1호선,청량리,139036,90064,371739,404385,178411,189988,15297,4053,93237,136525,619309,635027
201703,1호선,동대문,62340,68133,214463,271538,108057,113355,16807,2318,72461,94434,366071,436423
201703,1호선,동묘앞,22625,55989,161047,205183,91460,44454,3413,991,26150,30072,213235,292235
201703,1호선,서울역,146368,417052,636494,626546,551225,294645,13138,8680,328777,189369,1124777,1241647
201703,1호선,시청,23070,294333,233511,419519,354446,92643,2287,4759,198420,31887,457288,750498
201703,1호선,신설동,67213,124943,194819,200317,154050,92197,9366,2223,65870,66556,337268,394039
201703,1호선,제기동,72417,86273,317198,366827,136307,92021,4522,2478,44678,56338,438815,511916
201703,1호선,종각,30910,446904,369037,600917,554349,238443,4434,4851,467522,59909,871903,1112581
201703,1호선,종로3가,27269,141955,408763,622239,360097,180219,5709,2409,268178,49544,709919,816147
201703,1호선,종로5가,21766,202343,326163,475223,315797,118365,2322,3475,150877,36312,501128,717353
201703,1호선,청량리,146326,91006,396259,432145,196354,207680,15062,4086,97189,148052,654836,675289
201702,1호선,동대문,48476,53839,184225,231405,93222,95426,14271,1952,59885,81607,306857,368803
201702,1호선,동묘앞,17856,37394,133122,172220,74663,36820,2699,835,21852,26591,175529,237040
201702,1호선,서울역,130264,370797,629625,582726,516542,271486,11303,7447,313050,171204,1084242,1132174
201702,1호선,시청,18470,256592,205837,395305,331570,95325,2080,3895,192398,29192,418785,684984
201702,1호선,신설동,55504,100129,167593,174376,133611,78730,7570,1947,54982,58346,285649,334798
201702,1호선,제기동,59109,72499,269721,312498,118284,77512,3714,2140,37374,49216,369918,436353
201702,1호선,종각,25118,401745,335154,568256,512739,227341,3964,4492,453650,55704,817886,1030197
201702,1호선,종로3가,20776,126731,373007,583610,327606,160001,4684,2056,247249,45792,645716,758189
201702,1호선,종로5가,16979,174531,282617,420267,282310,107172,2128,2884,137317,33090,439041,630772
201702,1호선,청량리,120937,74700,348364,374310,166802,177563,12805,3284,81957,131964,564063,584258
201701,1호선,동대문,47657,47738,196066,239331,93304,97577,13664,1878,58041,82014,315428,370961
201701,1호선,동묘앞,17708,34780,132803,168683,69413,34941,2610,847,20398,27262,173519,231572
201701,1호선,서울역,131048,373545,648345,613309,516245,277260,11447,8242,326982,174411,1117822,1169507
201701,1호선,시청,18471,252896,191573,317333,293662,80156,2305,4152,173076,27522,385425,601903
201701,1호선,신설동,55320,98057,171551,176192,130873,77609,7471,1983,53024,59963,287366,336195
201701,1호선,제기동,59838,73277,303759,359134,119007,76635,4063,2103,36766,48916,404426,483430
201701,1호선,종각,27105,402355,336300,556153,496074,209983,4819,4431,427200,53983,795424,1016922
201701,1호선,종로3가,21623,128116,379188,587976,317871,151586,5592,2236,233396,43994,639799,762322
201701,1호선,종로5가,16938,169547,275087,397818,270148,97734,2137,2927,126086,30969,420248,601261
201701,1호선,청량리,120591,78550,379790,417204,174738,177703,12638,3159,86523,130161,599542,629074
201612,1호선,동대문,58139,55288,219330,273224,105410,112029,16268,2308,69738,98097,363475,428917
201612,1호선,동묘앞,20940,46382,149505,185849,78539,39331,3079,860,25040,33403,198564,266494
201612,1호선,서울역,145572,403749,710461,673153,570715,316235,12891,8707,367693,217592,1236617,1303201
201612,1호선,시청,20774,281067,225309,393279,348581,177130,2657,4572,289314,51449,538054,730367
201612,1호선,신설동,62911,113126,196480,202421,151709,91880,8354,2303,64264,70048,332009,387898
201612,1호선,제기동,66971,78576,306695,353834,126724,85471,4416,2417,45156,56295,423238,491122
201612,1호선,종각,29243,421842,368158,622482,556636,327385,4820,4907,598575,98834,1000796,1148065
201612,1호선,종로3가,24633,136785,405831,619144,349935,200252,5960,2715,312275,61290,748699,819934
201612,1호선,종로5가,18419,189166,313063,454502,301306,120223,2372,3501,153956,39803,487810,686972
201612,1호선,청량리,135353,84197,398915,431767,188356,200071,13851,3805,101226,158999,649345,678768
201611,1호선,동대문,61381,61519,205151,255527,100868,108855,16607,2468,67948,95234,351087,414748
201611,1호선,동묘앞,22085,51396,147576,185246,81837,40340,3564,916,25087,31917,198312,269475
201611,1호선,서울역,165011,423147,706036,686643,585088,333681,14781,8930,390784,215291,1276612,1334011
201611,1호선,시청,22351,290315,227353,428940,363541,197538,2963,4634,309547,57407,562214,781296
201611,1호선,신설동,66592,121854,190133,197917,153654,88964,8931,2495,61544,68029,327200,390295
201611,1호선,제기동,71234,82235,302312,351276,125294,83034,4787,2523,40395,54381,418728,490415
201611,1호선,종각,31698,434651,344347,599446,579790,316829,4974,5203,586745,80909,967764,1120209
201611,1호선,종로3가,26361,136770,370761,575241,353320,203153,6289,2765,326315,58165,729726,772941
201611,1호선,종로5가,19062,198580,298013,440938,303680,110573,2415,3533,152235,36337,471725,679388
201611,1호선,청량리,142716,89335,385924,417537,184563,202990,15799,4154,95791,153174,640230,664200
201610,1호선,동대문,61096,64419,213809,272692,102345,111914,17103,2455,68730,96494,360738,436060
201610,1호선,동묘앞,21807,52341,154411,193036,86277,42273,3720,896,26004,31069,205942,277342
201610,1호선,서울역,163840,418772,719982,678276,550184,316667,15592,9302,372496,207525,1271910,1313875
201610,1호선,시청,22659,280989,219169,352133,298537,90236,2634,4913,195510,32669,439972,670704
201610,1호선,신설동,65795,119801,192650,201886,147304,86564,9323,2591,62461,66632,330229,390910
201610,1호선,제기동,69320,82577,314064,364177,128574,82804,5152,2817,39206,50135,427742,499706
201610,1호선,종각,31419,401674,350429,579197,505565,216861,4509,5236,425331,59990,811688,1046097
201610,1호선,종로3가,28112,138295,390327,585222,339558,165890,6469,3043,249606,52547,674514,779107
201610,1호선,종로5가,20122,192935,311954,448550,291636,108244,2648,3472,135472,34493,470196,679450
201610,1호선,청량리,140978,95966,396180,431726,188017,196894,16458,4306,100115,143334,653731,675332
201609,1호선,동대문,55803,58123,204370,258412,96625,106875,14524,2283,68797,90424,343494,409242
201609,1호선,동묘앞,19730,48577,139740,174315,81413,40451,3136,892,26093,27245,188699,251029
201609,1호선,서울역,150994,391864,668788,632019,517092,294671,13614,8437,344889,189800,1178285,1222120
201609,1호선,시청,20776,267371,202599,317179,272531,76105,2277,4661,176527,28266,402179,617477
201609,1호선,신설동,61303,114815,178885,181893,135789,79934,7639,2248,59013,61347,306840,360303
201609,1호선,제기동,65299,80203,303723,352306,123826,80713,4676,2718,36127,44170,409825,479397
201609,1호선,종각,28801,390004,319992,519957,459663,203427,3977,4744,387966,54786,740736,969491
201609,1호선,종로3가,25600,128907,355288,535801,310159,153838,5958,2716,231588,47949,618434,715373
201609,1호선,종로5가,19095,179661,286900,406353,260826,99353,2263,2947,120989,30145,429247,619106
201609,1호선,청량리,133792,90732,381915,429476,187939,185734,14586,4309,95877,133553,626170,658070
201608,1호선,동대문,54488,58935,193130,243813,93328,101428,14244,2130,63086,87119,324948,391997
201608,1호선,동묘앞,19872,43381,128342,152410,73329,41454,3493,921,24732,28790,176439,225502
201608,1호선,서울역,154970,418298,695110,638692,543944,287948,15418,9125,351820,189507,1217318,1255622
201608,1호선,시청,21420,284375,204552,317849,291060,72972,2511,4888,180089,29873,408572,636985
201608,1호선,신설동,62978,118942,178885,176609,140320,82699,8113,2399,59732,64896,309708,362846
201608,1호선,제기동,66158,82645,264111,300374,124899,82251,5084,2948,37374,46952,372727,432919
201608,1호선,종각,29409,437461,351729,569194,501404,211169,4504,5371,418331,57422,803973,1069448
201608,1호선,종로3가,25817,145610,376164,574498,321293,150904,6025,2915,238355,48597,646361,771620
201608,1호선,종로5가,19954,190555,291294,407124,271194,104177,2313,3139,129036,32926,442597,633744
201608,1호선,청량리,137865,92779,363200,408196,190738,192278,15656,4025,98265,140619,614986,645619
201607,1호선,동대문,56959,62767,203743,259909,98396,104921,16933,2371,68351,94314,345986,419361
201607,1호선,동묘앞,19970,49053,135494,161345,77479,42802,3464,967,28308,30062,187236,241427
201607,1호선,서울역,154297,417186,692814,648191,541436,284769,15228,9130,355881,194181,1218220,1268688
201607,1호선,시청,22041,290087,200854,319164,291473,74792,2608,4895,186311,29672,411814,643818
201607,1호선,신설동,63725,120086,184025,186891,142085,84052,8754,2659,63511,65973,320015,375609
201607,1호선,제기동,67011,83481,273328,311827,127104,84273,5209,2850,39356,49179,384904,447337
201607,1호선,종각,30725,435668,359352,587898,501677,215227,4805,5333,434782,59338,829664,1088237
201607,1호선,종로3가,26912,161286,406982,614773,335128,158151,6240,2926,252842,50441,692976,829426
201607,1호선,종로5가,20534,200439,299949,422420,283916,107799,2440,3312,138287,34091,461210,660262
201607,1호선,청량리,139401,91360,369381,416569,189046,192611,15214,4071,99734,143305,623730,655305
201606,1호선,동대문,61178,65887,202452,262373,97400,103445,17180,2627,70892,94939,351702,425826
201606,1호선,동묘앞,20841,54554,142886,172799,83300,43501,3541,1027,29549,30219,196817,258599
201606,1호선,서울역,160771,432658,682190,650734,545261,282315,15133,9737,357063,193483,1215157,1286612
201606,1호선,시청,22470,298446,209808,332032,296232,79597,2657,4929,193820,30004,428755,665411
201606,1호선,신설동,66034,128971,186470,189738,147603,83717,8659,2944,66187,66278,327350,387931
201606,1호선,제기동,70333,86185,288516,329597,127355,85892,5376,3219,41520,48882,405745,467883
201606,1호선,종각,31110,435754,340258,552114,482914,206254,4454,5481,420524,57110,796346,1050459
201606,1호선,종로3가,26906,145023,367515,554605,321307,158474,6254,2900,255514,50328,656189,752856
201606,1호선,종로5가,21007,208172,308205,435508,281724,107148,2720,3818,142148,34466,474080,681964
201606,1호선,청량리,144307,97402,379171,425348,188526,196855,16177,4352,105970,144082,645625,671184
201605,1호선,동대문,62621,67599,217066,281427,101627,110286,16031,2407,76272,100432,371990,451865
201605,1호선,동묘앞,21368,54926,154447,187658,87113,44557,3366,1007,30664,31826,209845,275417
201605,1호선,서울역,166174,444222,726316,681769,554561,304942,15247,9840,388286,217566,1296023,1353397
201605,1호선,시청,22522,291104,220378,350654,291537,85409,2731,4912,205815,33511,451446,680181
201605,1호선,신설동,67917,127034,193968,196494,148446,86541,8642,2931,68521,69767,339048,396226
201605,1호선,제기동,70963,84786,295147,332502,127880,86971,5330,3076,43060,53450,414500,473814
201605,1호선,종각,33159,425612,360383,585350,492914,219976,4904,5154,467114,64728,865560,1080844
201605,1호선,종로3가,27853,146191,396974,592638,334938,171760,6142,2655,276771,54949,707740,796433
201605,1호선,종로5가,21026,205818,322453,461040,293127,115428,2675,3543,156847,37430,503001,707831
201605,1호선,청량리,148014,100588,400413,445725,199239,208765,16679,3916,117338,157312,682444,707541
201604,1호선,동대문,61956,66037,208021,268169,99276,105905,15630,2368,72099,96332,357706,432906
201604,1호선,동묘앞,21272,54536,148520,186885,87586,42481,3318,896,28179,30543,201289,272860
201604,1호선,서울역,160357,439324,702028,661947,546196,305401,14527,9224,384103,208424,1261015,1318919
201604,1호선,시청,21849,289341,205122,317153,282569,78269,2548,5031,190768,31817,420287,643342
201604,1호선,신설동,67471,127956,191860,195359,148545,85922,7978,2757,68185,67523,335494,393595
201604,1호선,제기동,69459,83978,297914,336775,124714,86118,4898,2912,41830,50946,414101,474611
201604,1호선,종각,31683,414326,342405,554497,480913,211287,4588,5190,435057,61042,813733,1035055
201604,1호선,종로3가,27251,144263,397150,591835,331432,168176,5428,2342,259083,52931,688912,791371
201604,1호선,종로5가,20409,202402,314606,458050,292559,110872,2488,3346,149280,34731,486783,698529
201604,1호선,청량리,145351,94938,395280,439173,193768,202238,15985,3647,107959,148212,664575,685970
201603,1호선,동대문,65291,65975,213231,278291,105489,113367,15239,2474,75636,98192,369397,444932
201603,1호선,동묘앞,21972,56988,152507,191757,90283,43436,3038,890,29064,30397,206581,280032
201603,1호선,서울역,166209,443789,710883,668039,564484,310407,14038,8817,379787,210264,1270917,1330909
201603,1호선,시청,22995,309453,207124,325685,305980,77648,2466,5075,195703,30676,428288,670889
201603,1호선,신설동,69853,135500,202511,207515,159130,90644,8030,2606,71505,69489,351899,415110
201603,1호선,제기동,71658,85596,308783,358567,137278,89968,4784,2811,43896,53558,429121,500532
201603,1호선,종각,32747,448745,364439,605930,528475,235885,4401,5587,480965,62075,882552,1122337
201603,1호선,종로3가,26913,147929,409691,631708,359195,183239,5277,2486,277891,50495,719772,832618
201603,1호선,종로5가,20669,213500,319393,472384,313999,116770,2394,3542,161088,34808,503544,724234
201603,1호선,청량리,153586,94336,405474,454345,207514,215867,15810,3426,111391,155597,686261,707704
201602,1호선,동대문,46404,47300,190973,243057,92600,96247,12153,1738,60272,79677,309802,371772
201602,1호선,동묘앞,15880,33154,125081,162282,67921,33721,2456,612,21644,25236,165061,221284
201602,1호선,서울역,133915,358589,683995,639849,493966,280646,12174,7714,340284,180217,1170368,1186369
201602,1호선,시청,18194,242345,176411,279236,254980,64819,2175,3776,160172,25984,356952,551341
201602,1호선,신설동,52958,94779,169140,170146,124684,74206,6090,1988,52864,55997,281052,322910
201602,1호선,제기동,54013,65217,264196,307457,111430,73680,3769,2148,35567,44245,357545,419067
201602,1호선,종각,25888,362071,328789,546001,450661,202577,3930,4351,408290,53905,766897,966328
201602,1호선,종로3가,20669,124711,379952,593834,315211,156071,4437,1934,233844,45251,638902,765730
201602,1호선,종로5가,16317,168728,274587,402730,267136,100701,1883,2925,134047,28788,426834,603171
201602,1호선,청량리,118189,71927,365243,402278,172747,180514,12344,2853,92106,131782,587882,608840
201601,1호선,동대문,49184,49685,200171,249258,97796,102457,14291,1973,61410,86104,325056,387020
201601,1호선,동묘앞,17580,34954,133109,172078,71617,35518,2664,691,21941,27909,175294,235632
201601,1호선,서울역,140565,394231,706935,650555,535045,293168,13566,8592,363910,189113,1224976,1242491
201601,1호선,시청,19344,269986,197002,324089,293713,77961,2560,4241,187798,28419,406704,626735
201601,1호선,신설동,58077,105497,182305,188603,139594,79985,6596,2394,58077,60481,305055,356975
201601,1호선,제기동,59516,70340,297591,349301,119829,77897,4331,2385,37833,48554,399271,470580
201601,1호선,종각,29018,404812,361646,606357,507033,235109,5269,4539,467937,58589,863870,1074297
201601,1호선,종로3가,23327,145383,433891,673315,352193,173305,5039,2096,258389,47851,720646,868645
201601,1호선,종로5가,17750,182069,295029,441772,295313,108111,2203,3196,143913,31692,458895,658729
201601,1호선,청량리,129057,80042,390876,434764,184492,193056,13007,3111,99760,140381,632700,658298
201512,1호선,동대문,60320,57893,224515,287678,109215,115877,15680,2311,70333,99295,370848,447177
201512,1호선,동묘앞,19949,44330,144524,179537,76900,38937,3019,810,24535,31636,192027,256313
201512,1호선,서울역,150790,412672,756608,708517,576867,329729,14751,9168,388134,228213,1310283,1358570
201512,1호선,시청,21303,290536,224631,367577,325550,121841,2378,4421,242241,43747,490553,706281
201512,1호선,신설동,65687,118383,207073,208781,154006,90762,7301,2818,64945,68964,345006,398946
201512,1호선,제기동,65771,78453,307832,356658,128025,85916,4455,2698,43818,53299,421876,491108
201512,1호선,종각,30552,411391,373227,620239,535268,304285,5721,4842,561448,92438,970948,1128910
201512,1호선,종로3가,25462,140192,435896,663664,362323,207524,5773,2230,301409,61518,768540,867604
201512,1호선,종로5가,19115,198385,323897,482173,318863,131753,2435,3553,164817,38856,510264,722967
201512,1호선,청량리,140855,88377,415043,457320,202895,209860,14421,3417,109828,159893,680147,709007
201511,1호선,동대문,61332,61219,202650,256451,97479,105685,14177,2248,67004,91786,345163,411704
201511,1호선,동묘앞,20661,46100,135583,167998,73861,37080,2929,798,23678,28060,182851,242956
201511,1호선,서울역,161466,417507,712384,672369,558910,322297,14624,9349,377211,209667,1265685,1308892
201511,1호선,시청,22018,290317,218124,355128,312573,105338,2403,4601,213036,33740,455581,683786
201511,1호선,신설동,67541,123715,194066,200031,151042,87548,7436,2901,63600,64070,332643,390717
201511,1호선,제기동,67636,78565,289796,331455,120809,79597,4561,3099,37654,50443,399647,463562
201511,1호선,종각,31532,411891,344556,561502,512693,248253,4942,4934,477503,62239,858533,1040566
201511,1호선,종로3가,27146,137826,385194,580332,341894,188501,5520,2298,274409,52656,692269,773112
201511,1호선,종로5가,19563,194466,301559,443372,295845,114827,2280,3464,152908,33968,476310,675270
201511,1호선,청량리,144665,91422,388304,428739,188985,201997,14879,3404,102746,146798,650594,670363
201510,1호선,동대문,63491,67021,212705,277901,101768,109876,14855,2349,68199,93663,359250,440934
201510,1호선,동묘앞,21827,48269,146754,187221,85290,41187,3043,873,25554,28734,197178,265097
201510,1호선,서울역,164890,438984,730135,681108,556986,319865,15870,10209,378086,211402,1288981,1341703
201510,1호선,시청,22362,303357,220567,355046,305730,86641,2798,5010,203371,30353,449098,693766
201510,1호선,신설동,69309,130352,201350,206824,153548,88583,8574,3141,66252,65684,345485,406001
201510,1호선,제기동,71454,84146,310139,359481,129819,84162,5266,3262,39609,50621,426468,497510
201510,1호선,종각,32273,419875,356217,568159,496399,221286,4904,5076,430558,60549,823952,1053659
201510,1호선,종로3가,28418,145096,407239,606966,350843,176183,5958,2550,264328,53616,705943,808228
201510,1호선,종로5가,20905,206030,320205,463481,299113,113654,2437,3481,150501,34106,494048,707098
201510,1호선,청량리,150559,100256,400609,435225,195205,208873,16275,4004,110049,151038,677492,690523
201509,1호선,동대문,60023,60964,206300,258094,100564,103878,13957,2391,67857,88803,348137,410252
201509,1호선,동묘앞,20461,47075,132544,168599,82272,40681,2805,737,25667,26326,181477,242737
201509,1호선,서울역,151190,396946,664632,635607,508504,297841,14296,9063,338913,194799,1169031,1236415
201509,1호선,시청,20999,280657,194865,299035,275125,74169,2340,4437,175257,26308,393461,610437
201509,1호선,신설동,64404,124508,186273,186893,142715,80832,7984,2732,61476,61350,320137,375483
201509,1호선,제기동,69777,82475,304958,357037,128259,84492,4976,2848,37458,47119,417169,489479
201509,1호선,종각,29894,388764,326623,516451,452391,209592,4307,4535,392160,55149,752984,964899
201509,1호선,종로3가,27693,138812,369893,553795,320673,168444,5589,2391,247290,48017,650465,743015
201509,1호선,종로5가,19573,187912,284722,407664,270330,104395,2386,3286,130811,30525,437492,629387
201509,1호선,청량리,143490,95150,386125,430916,191558,199149,14945,3971,103907,141099,648467,671136
201508,1호선,동대문,54836,57622,203214,258010,95957,99988,13534,2307,63326,83841,334910,401780
201508,1호선,동묘앞,18836,37497,129900,162221,74390,40170,3080,787,24227,26343,176043,226848
201508,1호선,서울역,143965,383072,696656,639324,496992,286530,16033,9685,346964,195918,1203618,1227999
201508,1호선,시청,19787,268727,190545,302346,273972,81313,2545,4499,190410,29283,403287,604855
201508,1호선,신설동,61453,114121,181820,181168,132871,79424,8466,2718,62221,61843,313960,359850
201508,1호선,제기동,64590,79075,271990,313248,125355,82667,5267,2865,36794,47872,378641,443060
201508,1호선,종각,28847,399103,353040,566113,470622,211289,4626,4755,411264,56676,797777,1026647
201508,1호선,종로3가,26670,148150,408919,616083,332046,165795,6050,2455,256116,50876,697755,817564
201508,1호선,종로5가,19378,178603,291865,410978,265648,103313,2418,3349,128410,32440,442071,625370
201508,1호선,청량리,135704,91565,372423,411448,188843,195425,15708,3984,104902,146452,628737,653449
201507,1호선,동대문,60269,64931,198860,248696,97653,94748,16721,2628,64932,85200,340782,401455
201507,1호선,동묘앞,20715,46490,122090,152125,74340,40445,3192,846,26881,26291,172878,225752
201507,1호선,서울역,150586,413187,639104,616033,514273,276725,15406,9707,332428,185662,1137524,1224589
201507,1호선,시청,20778,307876,180004,286213,281554,69989,2342,4660,183093,24608,386217,623357
201507,1호선,신설동,67223,132295,185356,192915,146239,82856,8581,3061,67275,60362,328435,388633
201507,1호선,제기동,70891,86770,275336,319732,132836,87855,5523,2881,42746,49788,394496,459171
201507,1호선,종각,29833,464769,355121,583637,502107,218854,4408,5053,443380,56602,832742,1110061
201507,1호선,종로3가,26154,171150,415261,641187,345427,168219,5838,2407,271907,47954,719160,862698
201507,1호선,종로5가,20319,210823,290504,420116,285895,104504,2584,3670,140824,31806,454231,666415
201507,1호선,청량리,149525,92041,365849,406083,185192,200324,15601,4138,104272,145893,635247,648155
201506,1호선,동대문,61205,65111,178354,211557,88196,88540,16179,2529,61540,80375,317278,359572
201506,1호선,동묘앞,20770,49448,115819,143416,73822,38320,3144,829,26128,25703,165861,219396
201506,1호선,서울역,143443,392359,510993,513288,461346,238602,14391,9740,297653,171269,966480,1086656
201506,1호선,시청,20100,294905,161461,258731,267144,61830,2318,4602,172857,23416,356736,581654
201506,1호선,신설동,66271,133103,172646,182644,142054,78322,8745,2838,64871,57483,312533,376068
201506,1호선,제기동,69736,83846,245272,281811,120862,82402,5389,3129,40366,47203,360763,415989
201506,1호선,종각,29237,441890,290171,483222,452041,187014,4574,5111,394734,51359,718716,981582
201506,1호선,종로3가,25200,145603,322304,498195,297110,145696,5982,2305,240823,43708,594309,689811
201506,1호선,종로5가,19680,201632,255889,372331,260769,93203,2398,3636,131946,29009,409913,606608
201506,1호선,청량리,146964,90581,329349,361506,168725,186961,15523,3932,98148,135015,589984,591034
201505,1호선,동대문,63283,68899,241978,306038,112852,115048,16044,2687,79588,104038,400893,481662
201505,1호선,동묘앞,21202,48158,151841,192127,90437,45167,3119,761,29823,31692,205985,272738
201505,1호선,서울역,159969,396497,753967,704979,536816,328346,16066,10149,395110,238720,1325112,1350345
201505,1호선,시청,21670,263109,212011,336968,274866,83921,2631,4586,197580,33111,433892,637774
201505,1호선,신설동,67302,121560,202704,204138,144208,87502,8874,2866,70292,72587,349172,401151
201505,1호선,제기동,68931,82272,306928,350725,133499,91210,5473,3199,44776,54802,426108,490998
201505,1호선,종각,32146,386921,370963,593020,479809,233278,5499,4803,464497,69642,873105,1054386
201505,1호선,종로3가,28749,139619,411674,607884,344799,179550,6204,2221,282827,60874,729454,810598
201505,1호선,종로5가,22203,186232,331599,466396,287766,121694,2708,3543,155239,39106,511749,695277
201505,1호선,청량리,146101,100587,416170,457382,209065,216176,16423,3925,124656,165014,703350,726908
201504,1호선,동대문,67182,66014,220806,272316,107641,108591,14914,2561,74575,100354,377477,441245
201504,1호선,동묘앞,22652,53171,138314,173445,84257,42597,2643,677,28311,31151,191920,258444
201504,1호선,서울역,166908,435965,698216,676037,547912,325505,14667,9828,392136,232224,1271927,1354054
201504,1호선,시청,22720,300143,207406,319864,293838,90718,2527,5034,206018,34084,438671,659125
201504,1호선,신설동,73955,138118,204449,207636,154866,89999,8239,2840,73798,72483,360441,421077
201504,1호선,제기동,74109,86491,304212,356535,138399,93351,5115,3133,45520,54928,428956,501087
201504,1호선,종각,32889,450148,358302,564564,515379,226188,4625,5256,466883,65507,862699,1085475
201504,1호선,종로3가,28200,147828,401034,593791,348057,181055,5290,2069,280083,57782,714607,801470
201504,1호선,종로5가,22050,204635,326741,464878,301589,120550,2467,3311,159111,37322,510369,710146
201504,1호선,청량리,160103,97426,394460,435907,200131,216657,15007,3367,115864,161832,685434,698532
201503,1호선,동대문,66839,64517,227687,284025,111099,112493,14546,2518,75292,100848,384364,451908
201503,1호선,동묘앞,22257,50607,151354,193901,89782,42899,2513,793,27616,30703,203740,276004
201503,1호선,서울역,210227,439140,810006,731828,590573,383938,14372,10703,400473,272353,1435078,1454024
201503,1호선,시청,22696,294227,199358,307402,284591,75789,2284,4751,190149,30404,414487,636784
201503,1호선,신설동,73057,137779,210003,218239,159604,91330,7325,2628,74699,71701,365084,430347
201503,1호선,제기동,71737,82073,314345,378167,143610,92809,4790,2892,45371,55289,436243,518421
201503,1호선,종각,33430,446840,370081,602784,521398,245173,4801,5274,486273,64683,894585,1119581
201503,1호선,종로3가,27317,144689,413906,632431,358118,189431,5015,2050,286836,54815,733074,833985
201503,1호선,종로5가,21466,201718,322503,477259,308218,119093,2500,3203,158905,37117,505374,719297
201503,1호선,청량리,158760,92895,407379,440234,201602,223992,14199,3165,118936,163720,699274,700014
201502,1호선,동대문,45536,45688,195191,241437,92450,93011,11456,1899,59585,80173,311768,369197
201502,1호선,동묘앞,14922,30962,121065,162313,70939,34013,1773,677,21363,24695,159123,218647
201502,1호선,서울역,157773,349044,748561,675719,506638,337775,12193,9669,354871,226256,1273398,1260688
201502,1호선,시청,16669,223406,171178,263273,226939,63277,1914,3570,156106,26289,345867,516538
201502,1호선,신설동,53488,93480,169884,170913,121074,72615,5749,1870,54183,57923,283304,324186
201502,1호선,제기동,51525,60940,291890,356227,119345,73755,3671,2329,35651,43483,382737,462979
201502,1호선,종각,24797,348374,326370,530365,430218,205362,4650,4102,407454,55179,763271,938020
201502,1호선,종로3가,20580,117493,372560,571952,305831,155452,4182,1576,236054,47762,633376,738783
201502,1호선,종로5가,16297,152820,273990,402546,256281,102416,1870,2622,125157,30969,417314,588957
201502,1호선,청량리,117254,70658,367002,393560,165582,180705,11615,2774,95237,133679,591108,600671
201501,1호선,동대문,53025,52533,214660,259797,101504,101591,14114,1963,63069,88534,344868,402827
201501,1호선,동묘앞,17414,35386,134205,171948,74039,35233,2227,914,22679,28002,176525,236250
201501,1호선,서울역,185550,429595,830019,740580,585252,372975,14146,10973,398615,250882,1428330,1432030
201501,1호선,시청,18987,272759,201101,325800,285747,75563,2218,4543,190185,28226,412491,631328
201501,1호선,신설동,64087,116175,196030,203101,147188,83611,6805,2200,63734,64371,330656,385847
201501,1호선,제기동,59878,71354,313737,381637,134351,81177,4488,2569,39663,49986,417766,505546
201501,1호선,종각,30126,441044,390753,651599,529123,251645,6143,4979,501712,63572,928734,1161194
201501,1호선,종로3가,24717,149713,453650,710636,366941,186055,4855,1823,284292,52872,767514,915044
201501,1호선,종로5가,18660,185814,316607,473359,306211,117886,2260,3054,153242,34895,490769,697122
201501,1호선,청량리,138648,83581,407009,434425,189046,205324,13125,3388,110160,151911,668942,673305
